record_id,corporate_name,revenue_usd,credit_rating,industry,fiscal_year,employees,debt_ratio,country_of_incorporation,listed_exchange
FIN-00001,Solaris Energy,784880557.77,B,Retail,2022,11022,0.507,Netherlands,LSE
FIN-00002,Pulsar Electronics,179819518.89,B,Healthcare,2024,45565,0.487,Singapore,FSE
FIN-00003,Stellar Pharma,638467494.88,BB,Manufacturing,2022,13629,0.276,UK,FSE
FIN-00004,Nova Logistics,219375132.63,BBB,Energy,2024,10352,0.848,Germany,LSE
FIN-00005,Nimbus Cloud,135195985.21,AAA,Healthcare,2023,34051,0.381,Netherlands,NYSE
FIN-00006,Summit Resources,426676241.24,BBB,Energy,2023,24135,0.744,Germany,LSE
FIN-00007,Delta Robotics,180386165.27,AA,Healthcare,2024,5023,0.387,USA,LSE
FIN-00008,Vertex Capital,786087422.64,AA,Technology,2022,4725,0.388,Netherlands,NASDAQ
FIN-00009,Sirius Retail,675432217.76,A,Healthcare,2024,44846,0.776,UK,OTC
FIN-00010,Delphi Advisors,998406692.74,B,Manufacturing,2024,17163,0.107,Germany,LSE
FIN-00011,Helios Media,945869192.42,BB,Manufacturing,2022,30983,0.623,UK,FSE
FIN-00012,Titan Mfg,723612554.2,AA,Energy,2022,33855,0.57,Netherlands,FSE
FIN-00013,Summit Resources,792122973.48,A,Finance,2023,45790,0.434,Singapore,FSE
FIN-00014,Nimbus Cloud,375325467.15,BB,Finance,2023,48402,0.108,Germany,LSE
FIN-00015,Titan Manufacturing Co,426293628.89,BBB,Manufacturing,2024,19687,0.361,USA,SGX
FIN-00016,NexGen Solution,154537548.25,A,Retail,2024,39568,0.831,Netherlands,FSE
FIN-00017,Delta Robotics,948743982.19,AAA,Retail,2023,12392,0.48,Germany,SGX
FIN-00018,Cascade Biotech,94148265.1,AAA,Manufacturing,2024,11691,0.126,Netherlands,FSE
FIN-00019,Global Tech Inc,199799736.14,BBB,Healthcare,2022,15322,0.333,Netherlands,NYSE
FIN-00020,Summit Resources,369283613.39,AAA,Finance,2023,26976,0.413,USA,NASDAQ
FIN-00021,Forge Industries,478772891.23,AAA,Energy,2022,8565,0.796,Germany,FSE
FIN-00022,Eclipse Trading,604105739.24,A,Retail,2022,32980,0.673,Singapore,LSE
FIN-00023,Vanguard Networks,991094028.04,BBB,Technology,2023,39689,0.746,Netherlands,LSE
FIN-00024,Solace Systems,460744355.47,BB,Technology,2024,6020,0.33,Singapore,LSE
FIN-00025,Cobalt Ventures,613414484.2,AA,Energy,2022,11818,0.82,Singapore,FSE
FIN-00026,Delta Robotics,698823513.51,AAA,Energy,2024,2911,0.292,UK,LSE
FIN-00027,Forge Industries,666990283.61,AAA,Manufacturing,2024,47393,0.822,Singapore,FSE
FIN-00028,Nimbus Cloud,995321065.14,AAA,Technology,2024,21415,0.428,UK,LSE
FIN-00029,Solaris Energy,462705319.26,AAA,Manufacturing,2024,44327,0.7,Singapore,LSE
FIN-00030,Prism Consulting,397277653.51,AAA,Healthcare,2022,46521,0.834,Germany,OTC
FIN-00031,Summit Resources,461895641.0,AAA,Retail,2024,15928,0.671,Singapore,NASDAQ
FIN-00032,Eclipse Trading,841720970.56,AA,Technology,2024,6637,0.242,USA,SGX
FIN-00033,Prism Consulting,78507714.55,AAA,Manufacturing,2023,10109,0.453,UK,NASDAQ
FIN-00034,NexGen,532766506.14,BBB,Manufacturing,2022,41651,0.749,USA,FSE
FIN-00035,Cobalt Ventures,53362840.93,AAA,Technology,2023,13271,0.843,Germany,NASDAQ
FIN-00036,Vanguard Networks,17022404.87,AAA,Technology,2023,12642,0.644,USA,NASDAQ
FIN-00037,Catalyst Group,724287485.46,AAA,Energy,2024,7107,0.752,Germany,SGX
FIN-00038,Vanguard Networks,934393040.64,BBB,Energy,2022,15281,0.271,Germany,LSE
FIN-00039,Orion Dynamics,402737350.27,A,Technology,2023,13993,0.467,USA,OTC
FIN-00040,Stellar Pharma,44895003.81,AA,Energy,2023,39297,0.5,USA,OTC
FIN-00041,Forge Industries,252688213.08,AAA,Retail,2023,41394,0.657,UK,LSE
FIN-00042,Orion Dynamics,978043509.66,B,Energy,2022,22011,0.114,Netherlands,FSE
FIN-00043,Delta Robotics,503916624.34,B,Technology,2022,1440,0.593,USA,LSE
FIN-00044,Nova Logistics,757488497.86,BB,Technology,2022,9064,0.4,Germany,NASDAQ
FIN-00045,Zenith Technologies Ltd,205180944.77,AAA,Finance,2024,39245,0.891,Singapore,OTC
FIN-00046,Sirius Retail,278848316.86,B,Technology,2024,27240,0.618,Germany,NYSE
FIN-00047,TITAN Manufacturing,331939002.33,AA,Finance,2024,3593,0.825,UK,OTC
FIN-00048,TITAN Manufacturing,872833077.03,BB,Healthcare,2022,29040,0.604,USA,FSE
FIN-00049,Vertex Holdings,53054755.16,AA,Finance,2022,6063,0.239,Netherlands,NASDAQ
FIN-00050,Nova Logistics,426813576.47,BBB,Healthcare,2022,47345,0.258,Singapore,NASDAQ
FIN-00051,Delphi Advisors,303797606.57,BB,Energy,2024,13249,0.317,Singapore,NYSE
FIN-00052,Crest Financial,378339771.28,BBB,Energy,2023,33164,0.588,Singapore,NASDAQ
FIN-00053,Eclipse Trading,762167369.5,BBB,Technology,2023,39055,0.53,Netherlands,OTC
FIN-00054,Orion Dynamics,381069787.03,A,Energy,2023,24635,0.55,Singapore,NYSE
FIN-00055,Sirius Retail,715148507.5,AA,Finance,2022,323,0.11,Netherlands,OTC
FIN-00056,Crest Financial,405150705.32,BBB,Energy,2024,24504,0.407,Germany,OTC
FIN-00057,Tempest Energy,409378797.35,AAA,Technology,2023,37117,0.23,Singapore,LSE
FIN-00058,Helios Media,635344765.17,A,Manufacturing,2022,42707,0.408,Singapore,OTC
FIN-00059,Nova Logistics,478247832.68,A,Manufacturing,2024,44380,0.123,UK,LSE
FIN-00060,Delphi Advisors,944320956.44,AA,Healthcare,2022,39512,0.563,UK,NYSE
FIN-00061,Meridian Corp,644752993.33,BBB,Energy,2024,38464,0.879,USA,SGX
FIN-00062,Vanguard Networks,166657783.76,BBB,Healthcare,2024,19856,0.501,Netherlands,OTC
FIN-00063,Delta Robotics,734199503.52,B,Technology,2022,41742,0.558,Germany,NASDAQ
FIN-00064,Stellar Pharma,930086849.08,BBB,Manufacturing,2023,470,0.89,Singapore,NYSE
FIN-00065,Catalyst Group,773969891.01,BBB,Retail,2023,42944,0.331,Singapore,NASDAQ
FIN-00066,Orion Dynamics,187213638.74,AA,Finance,2023,11976,0.502,USA,FSE
FIN-00067,Solace Systems,186452403.76,AAA,Manufacturing,2022,49802,0.254,Singapore,FSE
FIN-00068,Aether Networks,868493629.92,AA,Technology,2023,5666,0.402,Germany,NYSE
FIN-00069,Sirius Retail,586060753.71,BBB,Energy,2024,49892,0.181,USA,LSE
FIN-00070,Acme Corp.,582863003.11,AAA,Technology,2022,34281,0.733,Singapore,SGX
FIN-00071,Radiant Health,932196252.5,BBB,Healthcare,2024,28194,0.369,Germany,LSE
FIN-00072,Nova Logistics,665413207.04,BBB,Retail,2022,23382,0.798,USA,NYSE
FIN-00073,Summit Resources,725494967.09,AA,Technology,2024,8104,0.795,Germany,OTC
FIN-00074,Nova Logistics,452466159.53,B,Manufacturing,2023,33795,0.431,UK,NYSE
FIN-00075,Indigo Capital,634143523.42,AAA,Manufacturing,2023,44478,0.455,Netherlands,FSE
FIN-00076,Prism Consulting,348985624.04,BBB,Manufacturing,2024,6633,0.687,Germany,SGX
FIN-00077,Vanguard Networks,869988864.56,BB,Manufacturing,2024,2130,0.202,USA,LSE
FIN-00078,Nimbus Cloud,168884798.53,BBB,Technology,2023,43476,0.533,UK,NASDAQ
FIN-00079,Stratos Global,106364207.44,B,Technology,2022,21447,0.822,Germany,NASDAQ
FIN-00080,Quantum,476826015.6,B,Technology,2024,8946,0.838,Singapore,NYSE
FIN-00081,Sirius Retail,931848175.19,BB,Technology,2024,22543,0.402,Singapore,OTC
FIN-00082,Nimbus Cloud,808639034.46,AA,Healthcare,2022,19119,0.17,USA,LSE
FIN-00083,Tempest Energy,744873134.55,AAA,Retail,2023,8400,0.783,Singapore,SGX
FIN-00084,ACME Corporation,62823051.68,BB,Finance,2023,27817,0.356,Germany,OTC
FIN-00085,Apex Industries LLC,664079034.94,BB,Finance,2022,25957,0.107,Singapore,LSE
FIN-00086,Zenith Technologies Ltd,837379437.91,BBB,Manufacturing,2023,9711,0.581,UK,OTC
FIN-00087,NexGen,320819218.9,BB,Manufacturing,2022,17970,0.897,Netherlands,FSE
FIN-00088,Solaris Energy,292203609.81,BBB,Technology,2023,10057,0.762,UK,OTC
FIN-00089,TITAN Manufacturing,735989849.01,AA,Energy,2024,25727,0.339,UK,NYSE
FIN-00090,Nimbus Cloud,338072737.51,B,Energy,2023,49707,0.413,USA,SGX
FIN-00091,ATLAS Freight,696679939.36,AA,Manufacturing,2024,25856,0.178,Germany,SGX
FIN-00092,Pinnacle,304769933.69,B,Finance,2024,9065,0.454,Singapore,LSE
FIN-00093,Zenith Tech,218918336.56,B,Finance,2024,42729,0.107,Netherlands,NYSE
FIN-00094,Zenith Technologies Ltd,950447756.27,BBB,Manufacturing,2022,3741,0.177,Singapore,NASDAQ
FIN-00095,Pinnacle Sys,980296483.07,B,Healthcare,2024,28480,0.876,Singapore,NASDAQ
FIN-00096,NexGen Solution,241614565.68,BBB,Healthcare,2024,39119,0.864,Singapore,OTC
FIN-00097,Horizon Enterprises,865030893.67,B,Energy,2023,41490,0.623,Germany,NYSE
FIN-00098,Meridian Corp,83554353.57,BBB,Manufacturing,2024,33456,0.28,Netherlands,SGX
FIN-00099,Solace Systems,274451082.2,B,Technology,2024,11918,0.407,Singapore,LSE
FIN-00100,Solace Systems,100341813.82,AAA,Manufacturing,2024,12166,0.424,USA,FSE
FIN-00101,Nimbus Cloud,64867731.07,BB,Retail,2024,42759,0.199,UK,OTC
FIN-00102,Meridian Corp,862141439.2,B,Finance,2022,36404,0.458,Germany,NYSE
FIN-00103,NexGen Solution,575505948.55,B,Finance,2022,36913,0.305,USA,NYSE
FIN-00104,Meridian Corp,364196081.05,BB,Finance,2023,43183,0.1,Germany,NYSE
FIN-00105,Radiant Health,659498420.58,BBB,Finance,2024,32191,0.656,Netherlands,LSE
FIN-00106,Delphi Advisors,688242378.71,B,Technology,2022,2457,0.25,Germany,NASDAQ
FIN-00107,Apex Industries LLC,552518556.11,BB,Healthcare,2023,8470,0.683,Singapore,NYSE
FIN-00108,Nimbus Cloud,261413767.77,B,Finance,2023,29938,0.167,Germany,OTC
FIN-00109,Synapse Artificial Intelligence,144100706.18,AA,Technology,2024,48066,0.316,UK,OTC
FIN-00110,Crest Financial,420266786.1,AA,Healthcare,2023,24884,0.121,Netherlands,NASDAQ
FIN-00111,Vertex Holdings,125496602.67,AAA,Manufacturing,2024,26708,0.153,USA,LSE
FIN-00112,Sirius Retail,147183303.28,AA,Healthcare,2022,6469,0.402,UK,FSE
FIN-00113,Catalyst Group,176555640.91,B,Healthcare,2024,32137,0.176,Germany,OTC
FIN-00114,Solace Systems,551990689.74,BB,Technology,2022,11240,0.354,Singapore,NASDAQ
FIN-00115,Helios Media,477385006.87,AA,Healthcare,2022,45050,0.511,UK,OTC
FIN-00116,Apex Ind.,379421863.94,B,Healthcare,2022,47591,0.611,Germany,OTC
FIN-00117,Nova Logistics,707079975.85,AA,Energy,2023,30764,0.502,Germany,FSE
FIN-00118,Radiant Health,305882243.81,AAA,Healthcare,2023,20545,0.776,USA,NYSE
FIN-00119,Nova Logistics,165948012.43,AAA,Technology,2024,18783,0.543,Singapore,NYSE
FIN-00120,Synapse Artificial Intelligence,509173679.87,B,Finance,2023,32674,0.512,Netherlands,OTC
FIN-00121,Meridian Corp,14886361.98,AA,Manufacturing,2022,46853,0.44,Netherlands,OTC
FIN-00122,Helios Media,994227724.2,B,Retail,2024,39974,0.134,Singapore,NASDAQ
FIN-00123,Radiant Health,175639380.81,A,Finance,2024,23203,0.862,Singapore,FSE
FIN-00124,Delta Robotics,373910415.23,AAA,Healthcare,2024,16418,0.765,USA,LSE
FIN-00125,Cobalt Ventures,294251494.44,AA,Technology,2024,41414,0.555,UK,LSE
FIN-00126,Vertex Capital,935478970.39,BB,Energy,2022,23364,0.105,Singapore,LSE
FIN-00127,Cobalt Ventures,108056891.09,A,Manufacturing,2022,26399,0.384,USA,FSE
FIN-00128,Pulsar Electronics,85659035.59,BB,Finance,2023,8166,0.83,USA,NASDAQ
FIN-00129,Quantum Analytic,471227981.27,A,Healthcare,2023,28121,0.814,Netherlands,LSE
FIN-00130,Catalyst Group,656623365.02,BBB,Finance,2022,23232,0.698,USA,LSE
FIN-00131,Vanguard Networks,190377501.78,AAA,Finance,2023,27644,0.695,USA,NASDAQ
FIN-00132,Vanguard Networks,959739154.53,A,Technology,2023,32101,0.54,UK,LSE
FIN-00133,Prism Consulting,132286252.5,AAA,Technology,2022,10243,0.375,USA,OTC
FIN-00134,Nova Logistics,678632008.19,A,Energy,2024,48378,0.106,Singapore,LSE
FIN-00135,ATLAS Freight,83532282.0,BBB,Finance,2024,10043,0.683,UK,NASDAQ
FIN-00136,Stellar Pharma,864302638.82,B,Finance,2024,28175,0.259,USA,OTC
FIN-00137,Vertex Capital,189480327.04,BB,Manufacturing,2024,9796,0.284,UK,FSE
FIN-00138,Next Gen Solutions,990408397.05,AA,Energy,2022,40450,0.26,USA,FSE
FIN-00139,Ionic Materials,700458702.67,AA,Finance,2023,27973,0.483,Netherlands,FSE
FIN-00140,Pinnacle Systems Ltd,110944894.49,A,Healthcare,2023,46684,0.434,Germany,NYSE
FIN-00141,Orion Dynamics,1535392.17,B,Manufacturing,2023,13942,0.328,Germany,SGX
FIN-00142,Catalyst Group,185655163.04,BBB,Healthcare,2023,19996,0.189,USA,OTC
FIN-00143,Nimbus Cloud,331880521.79,B,Healthcare,2024,38644,0.523,Germany,NASDAQ
FIN-00144,Stellar Pharma,584742889.11,AAA,Technology,2022,41308,0.694,USA,NYSE
FIN-00145,Tempest Energy,193734579.84,BBB,Technology,2022,35870,0.595,Germany,OTC
FIN-00146,Eclipse Trading,534023996.93,AA,Technology,2022,12613,0.435,Germany,SGX
FIN-00147,Helios Media,449033737.88,B,Technology,2023,4487,0.486,Netherlands,SGX
FIN-00148,Global Tech Inc,599554508.62,B,Finance,2023,3028,0.865,USA,OTC
FIN-00149,Vanguard Networks,495530874.74,BB,Retail,2022,10897,0.45,Netherlands,FSE
FIN-00150,Nimbus Cloud,401448110.48,A,Finance,2022,285,0.228,UK,SGX
FIN-00151,Acme Corp.,455985545.94,B,Manufacturing,2024,17012,0.343,UK,LSE
FIN-00152,Stellar Pharma,171937987.79,AAA,Retail,2022,19176,0.131,UK,LSE
FIN-00153,APEX Industries,873509459.63,AAA,Manufacturing,2022,13810,0.528,USA,OTC
FIN-00154,Helios Media,325237310.34,B,Retail,2023,47372,0.207,Netherlands,LSE
FIN-00155,Indigo Capital,626329349.32,AAA,Healthcare,2022,47922,0.872,UK,LSE
FIN-00156,Global Tech,657660275.94,BB,Technology,2024,48924,0.65,Germany,OTC
FIN-00157,Delphi Advisors,817030182.61,AA,Healthcare,2023,13414,0.565,Singapore,NASDAQ
FIN-00158,Cascade Biotech,730082092.87,BBB,Healthcare,2022,31442,0.175,UK,FSE
FIN-00159,Orion Dynamics,189671061.55,BBB,Manufacturing,2022,42488,0.326,Germany,NASDAQ
FIN-00160,Orion Dynamics,687679458.58,AA,Technology,2022,4771,0.441,Singapore,OTC
FIN-00161,Prism Consulting,724582615.68,AA,Manufacturing,2022,39587,0.18,Singapore,NYSE
FIN-00162,Meridian Corp,763682310.31,B,Technology,2022,16325,0.716,Germany,NASDAQ
FIN-00163,Delphi Advisors,792608033.93,AAA,Technology,2024,48293,0.755,USA,NASDAQ
FIN-00164,APEX Industries,759912080.13,BBB,Finance,2023,21791,0.483,UK,NYSE
FIN-00165,Forge Industries,627858367.16,AAA,Technology,2022,6788,0.536,USA,SGX
FIN-00166,Ionic Materials,2209210.25,AA,Technology,2022,28042,0.408,Germany,OTC
FIN-00167,Atlas Freight LLC,921769226.69,B,Energy,2024,46898,0.758,USA,FSE
FIN-00168,Stratos Global,225297934.83,A,Healthcare,2022,40400,0.367,Germany,NYSE
FIN-00169,NexGen,151951865.92,BBB,Retail,2023,39346,0.245,Singapore,NASDAQ
FIN-00170,Cobalt Ventures,349037297.58,AAA,Healthcare,2023,43417,0.395,Germany,OTC
FIN-00171,Vertex Holdings,861852261.19,AA,Manufacturing,2022,21038,0.218,Singapore,OTC
FIN-00172,Eclipse Trading,114050870.29,BBB,Manufacturing,2023,9530,0.172,UK,NASDAQ
FIN-00173,Delta Robotics,319996464.13,BBB,Energy,2024,27178,0.581,Germany,NASDAQ
FIN-00174,Nova Logistics,419240971.9,BBB,Retail,2024,32333,0.526,UK,FSE
FIN-00175,Horizon Enterprises,527418999.51,B,Manufacturing,2022,46127,0.17,Germany,NYSE
FIN-00176,Solaris Energy,363036043.87,BBB,Finance,2022,3954,0.829,Germany,NASDAQ
FIN-00177,ATLAS Freight,144996102.06,BB,Energy,2022,13860,0.762,USA,OTC
FIN-00178,Apex Ind.,962089933.4,B,Finance,2023,48093,0.121,Singapore,LSE
FIN-00179,Pinnacle,106903821.17,BB,Technology,2023,38973,0.796,USA,NASDAQ
FIN-00180,Crest Financial,79914299.2,AAA,Technology,2024,27345,0.22,UK,FSE
FIN-00181,Apex Industries LLC,527922587.7,A,Energy,2023,47403,0.37,USA,LSE
FIN-00182,Meridian Corp,60940797.91,B,Technology,2024,49276,0.239,UK,NYSE
FIN-00183,Prism Consulting,680223640.56,BBB,Retail,2024,16961,0.835,Netherlands,LSE
FIN-00184,Titan Manufacturing Co,931518783.8,A,Technology,2024,24793,0.882,UK,OTC
FIN-00185,Solaris Energy,619424716.66,AA,Energy,2022,48939,0.881,Netherlands,NYSE
FIN-00186,Summit Resources,313876470.74,B,Energy,2023,10851,0.144,Germany,OTC
FIN-00187,Synapse A.I.,270649640.61,AAA,Technology,2023,39580,0.723,Germany,NYSE
FIN-00188,Nova Logistics,163597642.91,AAA,Technology,2022,39182,0.109,Germany,NASDAQ
FIN-00189,Nimbus Cloud,638750572.07,AAA,Finance,2023,5623,0.881,Netherlands,NYSE
FIN-00190,Solace Systems,46634932.07,A,Technology,2023,605,0.884,Germany,FSE
FIN-00191,Vertex Capital,315157970.06,BBB,Manufacturing,2023,8538,0.662,USA,LSE
FIN-00192,Ionic Materials,502674940.7,AA,Technology,2024,25092,0.482,USA,LSE
FIN-00193,Stratos Global,682691607.67,AAA,Manufacturing,2022,47135,0.285,UK,OTC
FIN-00194,Zenith,161885979.44,BB,Retail,2024,39944,0.621,Germany,FSE
FIN-00195,APEX Industries,291550747.98,BB,Energy,2022,46761,0.719,Singapore,NASDAQ
FIN-00196,Solaris Energy,958057635.99,BB,Manufacturing,2023,6433,0.744,UK,LSE
FIN-00197,Nimbus Cloud,499413348.38,BBB,Healthcare,2022,19422,0.229,Germany,SGX
FIN-00198,Crest Financial,90140012.3,AA,Manufacturing,2023,16954,0.889,Germany,FSE
FIN-00199,Apex Ind.,971708964.77,BBB,Technology,2023,18834,0.421,Netherlands,OTC
FIN-00200,APEX Industries,367365533.63,BB,Healthcare,2023,5521,0.646,Netherlands,FSE
FIN-00201,Quantum,43632898.7,B,Technology,2024,16094,0.66,Netherlands,NYSE
FIN-00202,Zenith Tech,291369939.58,AA,Retail,2023,4832,0.278,Singapore,OTC
FIN-00203,Horizon Enterprises,466411718.46,B,Retail,2023,7201,0.169,USA,FSE
FIN-00204,Synapse A.I.,402118950.27,AAA,Healthcare,2023,39657,0.489,Singapore,NYSE
FIN-00205,Stellar Pharma,39244056.53,AA,Energy,2022,42007,0.271,Netherlands,NYSE
FIN-00206,Delphi Advisors,63337858.35,A,Energy,2023,14036,0.143,USA,OTC
FIN-00207,SynapseAI,252819217.21,AA,Technology,2022,4588,0.319,USA,LSE
FIN-00208,Cascade Biotech,525253165.06,B,Healthcare,2022,3572,0.174,Singapore,LSE
FIN-00209,Cobalt Ventures,199406703.74,BBB,Energy,2023,35144,0.651,UK,OTC
FIN-00210,SynapseAI,912685220.06,BB,Energy,2022,36809,0.726,Netherlands,NASDAQ
FIN-00211,Vertex Holdings,324408842.19,B,Manufacturing,2024,48096,0.353,UK,FSE
FIN-00212,Zenith Technologies Ltd,864437047.25,AAA,Manufacturing,2023,17273,0.517,USA,FSE
FIN-00213,Apex Industries LLC,449879322.17,BB,Technology,2022,14377,0.697,UK,FSE
FIN-00214,Forge Industries,601342416.21,AA,Healthcare,2022,12577,0.877,Netherlands,NYSE
FIN-00215,Crest Financial,17175077.46,A,Retail,2022,45880,0.499,Singapore,FSE
FIN-00216,Ionic Materials,352859009.55,BB,Energy,2024,22058,0.191,UK,FSE
FIN-00217,SynapseAI,177718265.46,BB,Finance,2024,28615,0.405,Singapore,OTC
FIN-00218,Atlas Freight Co,620756113.1,AAA,Technology,2022,5924,0.62,Netherlands,FSE
FIN-00219,Catalyst Group,750193735.53,BB,Retail,2022,41568,0.455,Netherlands,NYSE
FIN-00220,ATLAS Freight,212659255.34,BBB,Retail,2023,7553,0.256,Singapore,NYSE
FIN-00221,Helios Media,413521807.44,B,Manufacturing,2024,25989,0.106,Germany,NASDAQ
FIN-00222,Vertex Capital,268341531.73,B,Healthcare,2023,27228,0.639,USA,FSE
FIN-00223,NexGen Solution,27220570.25,A,Retail,2024,39368,0.354,UK,SGX
FIN-00224,Synapse A.I.,556183841.81,BBB,Finance,2024,42283,0.415,USA,SGX
FIN-00225,Synapse A.I.,939452322.89,BBB,Manufacturing,2022,26468,0.823,Netherlands,NASDAQ
FIN-00226,Synapse A.I.,100478346.01,AA,Retail,2022,41432,0.562,Singapore,OTC
FIN-00227,Quantum,159894115.64,A,Finance,2022,6162,0.121,USA,OTC
FIN-00228,Tempest Energy,28790515.9,B,Retail,2022,37523,0.406,UK,FSE
FIN-00229,Helios Media,240482162.34,AA,Healthcare,2022,35139,0.772,Singapore,LSE
FIN-00230,Pinnacle Systems Ltd,83880405.93,AA,Manufacturing,2022,41887,0.888,USA,NYSE
FIN-00231,Summit Resources,107969576.75,A,Healthcare,2022,6130,0.162,Germany,NASDAQ
FIN-00232,Prism Consulting,491545920.51,AAA,Energy,2022,31934,0.867,USA,NASDAQ
FIN-00233,Ionic Materials,889823807.14,B,Energy,2022,11833,0.339,UK,OTC
FIN-00234,Solace Systems,118089932.41,A,Healthcare,2023,40289,0.58,USA,NASDAQ
FIN-00235,Radiant Health,926656596.07,AA,Retail,2022,35174,0.118,Netherlands,NASDAQ
FIN-00236,Solaris Energy,115673668.54,AA,Technology,2023,9130,0.276,UK,LSE
FIN-00237,Stellar Pharma,200038295.03,AAA,Healthcare,2024,36192,0.622,Singapore,OTC
FIN-00238,Pulsar Electronics,513143890.18,BBB,Finance,2023,11385,0.258,Germany,FSE
FIN-00239,Catalyst Group,166487462.35,AA,Manufacturing,2023,28457,0.806,Singapore,SGX
FIN-00240,Stellar Pharma,623288051.35,BB,Energy,2023,13138,0.554,Germany,OTC
FIN-00241,Vertex Holdings,168081803.84,AAA,Retail,2023,38511,0.428,Netherlands,OTC
FIN-00242,Radiant Health,398908361.36,AAA,Finance,2023,28190,0.733,Germany,NASDAQ
FIN-00243,Vertex Holdings,657297657.02,A,Finance,2023,8065,0.108,USA,OTC
FIN-00244,Sirius Retail,465911250.58,A,Finance,2024,4390,0.408,Netherlands,NASDAQ
FIN-00245,Radiant Health,103817273.49,A,Manufacturing,2024,44047,0.16,Singapore,OTC
FIN-00246,SynapseAI,813581079.91,AA,Finance,2022,32420,0.499,Germany,FSE
FIN-00247,Meridian Corp,453332320.68,BB,Healthcare,2024,25140,0.289,USA,LSE
FIN-00248,Global Tech,783522330.83,BB,Technology,2023,18686,0.205,Singapore,NYSE
FIN-00249,Forge Industries,338052478.96,AAA,Technology,2023,6283,0.764,Singapore,OTC
FIN-00250,Cobalt Ventures,317872472.15,A,Energy,2022,36517,0.72,Singapore,SGX
FIN-00251,Pinnacle Systems Ltd,299145370.53,BBB,Energy,2024,8006,0.774,Netherlands,NYSE
FIN-00252,Global Tech Inc,48786404.36,AAA,Finance,2022,21208,0.789,Singapore,NASDAQ
FIN-00253,Stratos Global,191968533.64,A,Retail,2022,45154,0.794,Germany,NYSE
FIN-00254,Meridian Corp,947197715.95,AAA,Healthcare,2023,45133,0.59,Singapore,LSE
FIN-00255,Stratos Global,583869750.99,AAA,Finance,2023,9749,0.702,Singapore,OTC
FIN-00256,Cascade Biotech,522241937.5,AA,Retail,2023,43386,0.492,Germany,LSE
FIN-00257,Eclipse Trading,92707573.54,A,Manufacturing,2022,23184,0.547,UK,OTC
FIN-00258,Solaris Energy,76069258.07,BBB,Technology,2022,910,0.636,Singapore,FSE
FIN-00259,Vanguard Networks,105430183.23,AA,Retail,2024,33730,0.787,Germany,OTC
FIN-00260,Summit Resources,847959172.03,AAA,Finance,2022,23881,0.408,Singapore,SGX
FIN-00261,Vertex Capital,780241038.46,AA,Technology,2023,27777,0.231,Germany,SGX
FIN-00262,Catalyst Group,461493167.2,AAA,Manufacturing,2022,15815,0.113,Singapore,NASDAQ
FIN-00263,Stellar Pharma,476764183.36,BB,Energy,2023,17454,0.195,Netherlands,NYSE
FIN-00264,Helios Media,212853959.64,BBB,Retail,2023,33337,0.367,Singapore,LSE
FIN-00265,Crest Financial,50085266.45,BBB,Manufacturing,2023,12759,0.335,Singapore,NASDAQ
FIN-00266,Delphi Advisors,530033190.74,BBB,Retail,2023,7205,0.645,UK,NYSE
FIN-00267,Titan Mfg,54084633.23,AAA,Retail,2023,15697,0.153,USA,LSE
FIN-00268,TITAN Manufacturing,699812766.13,BBB,Energy,2023,6689,0.276,Germany,FSE
FIN-00269,Solaris Energy,785941923.79,A,Manufacturing,2023,46308,0.577,USA,NYSE
FIN-00270,Orion Dynamics,739351659.66,B,Finance,2022,20701,0.645,UK,NASDAQ
FIN-00271,Sirius Retail,142691821.6,AAA,Manufacturing,2023,28094,0.367,UK,LSE
FIN-00272,Vertex Holdings,679523739.31,AAA,Retail,2023,31102,0.567,Singapore,NASDAQ
FIN-00273,Eclipse Trading,46131343.07,AAA,Retail,2024,19098,0.768,Netherlands,SGX
FIN-00274,Stratos Global,775481295.95,AAA,Healthcare,2024,22048,0.462,Germany,SGX
FIN-00275,Quantum,487006820.4,A,Energy,2022,23159,0.341,Germany,SGX
FIN-00276,Delphi Advisors,113648306.31,B,Retail,2024,41979,0.117,Singapore,NASDAQ
FIN-00277,Zenith Technologies Ltd,498334399.22,AA,Retail,2024,45650,0.879,Germany,NASDAQ
FIN-00278,Horizon Enterprises,920726608.48,BBB,Manufacturing,2022,18001,0.802,Netherlands,FSE
FIN-00279,Radiant Health,266044023.8,B,Healthcare,2023,25676,0.571,Germany,LSE
FIN-00280,Vanguard Networks,579937315.1,B,Healthcare,2024,8108,0.447,Singapore,SGX
FIN-00281,Helios Media,111080387.0,AAA,Energy,2024,9692,0.473,UK,SGX
FIN-00282,Atlas Freight Co,558582708.21,AA,Healthcare,2023,18941,0.152,Germany,NYSE
FIN-00283,Summit Resources,218107976.78,BB,Technology,2022,32055,0.345,Singapore,LSE
FIN-00284,Acme Corp,252182029.47,A,Healthcare,2024,43652,0.867,Netherlands,NASDAQ
FIN-00285,Horizon Enterprises,143501612.07,B,Finance,2023,38403,0.835,Germany,NASDAQ
FIN-00286,Next Gen Solutions,933001828.93,AA,Manufacturing,2024,25362,0.438,USA,LSE
FIN-00287,Cobalt Ventures,174128667.23,BBB,Manufacturing,2023,37940,0.211,UK,LSE
FIN-00288,APEX Industries,554729485.66,A,Healthcare,2022,19536,0.553,Singapore,SGX
FIN-00289,Orion Dynamics,782623327.4,BBB,Technology,2022,34559,0.454,Germany,SGX
FIN-00290,Helios Media,354839653.24,BBB,Energy,2023,30280,0.122,Netherlands,NYSE
FIN-00291,Ionic Materials,756100598.96,BB,Healthcare,2022,38082,0.51,UK,SGX
FIN-00292,Forge Industries,54482489.82,BBB,Finance,2023,43964,0.105,Netherlands,FSE
FIN-00293,Pinnacle Sys,55638061.92,B,Technology,2023,39000,0.178,Germany,SGX
FIN-00294,Eclipse Trading,864449810.32,AAA,Manufacturing,2024,44248,0.509,USA,OTC
FIN-00295,Solaris Energy,562487203.59,BBB,Finance,2022,44331,0.612,UK,LSE
FIN-00296,Cobalt Ventures,805811227.49,BB,Manufacturing,2022,7567,0.154,UK,SGX
FIN-00297,Meridian Corp,247958879.87,AAA,Energy,2022,33198,0.455,USA,NYSE
FIN-00298,Cobalt Ventures,484235808.06,AA,Finance,2024,17107,0.757,Singapore,OTC
FIN-00299,Aether Networks,432921345.11,B,Technology,2022,9335,0.755,UK,NASDAQ
FIN-00300,Vertex Capital,476682240.59,A,Healthcare,2024,6604,0.867,Singapore,LSE
FIN-00301,Stellar Pharma,386434968.08,AAA,Energy,2023,27891,0.219,Germany,FSE
FIN-00302,Meridian Corp,12008624.35,A,Technology,2024,42676,0.815,Netherlands,FSE
FIN-00303,Next Gen Solutions,962833728.68,BBB,Manufacturing,2023,18197,0.107,UK,LSE
FIN-00304,Vertex Capital,349485247.68,B,Retail,2023,33672,0.15,UK,LSE
FIN-00305,Solace Systems,460022262.09,AA,Healthcare,2024,19902,0.839,USA,OTC
FIN-00306,Eclipse Trading,962592454.65,BB,Manufacturing,2022,37801,0.667,Netherlands,OTC
FIN-00307,Radiant Health,130292547.52,A,Retail,2024,22862,0.568,Singapore,NYSE
FIN-00308,NexGen Solution,852179153.05,AA,Finance,2022,43648,0.185,Singapore,LSE
FIN-00309,TITAN Manufacturing,795809326.16,AAA,Finance,2024,25221,0.705,Singapore,NYSE
FIN-00310,Pinnacle,251233365.16,AAA,Manufacturing,2022,28986,0.711,Netherlands,OTC
FIN-00311,Global Tech Inc,321838055.37,B,Energy,2023,8780,0.891,Netherlands,SGX
FIN-00312,Vanguard Networks,253242447.39,BBB,Manufacturing,2023,14828,0.261,UK,FSE
FIN-00313,Radiant Health,86932280.13,AAA,Manufacturing,2024,6354,0.263,UK,NYSE
FIN-00314,Crest Financial,568726733.38,AAA,Healthcare,2022,44769,0.684,Netherlands,FSE
FIN-00315,Vanguard Networks,570799699.28,BBB,Retail,2023,23412,0.595,Netherlands,NASDAQ
FIN-00316,Vertex Holdings,428084237.11,BBB,Technology,2024,5171,0.202,Netherlands,LSE
FIN-00317,Catalyst Group,499213531.12,AAA,Retail,2024,21737,0.118,Germany,LSE
FIN-00318,Delta Robotics,68884865.4,AA,Healthcare,2022,35073,0.56,Netherlands,SGX
FIN-00319,Vertex Capital,399820439.45,AAA,Retail,2024,7316,0.566,Germany,OTC
FIN-00320,Global Tech Inc,338707197.35,A,Finance,2023,3942,0.211,Netherlands,OTC
FIN-00321,Sirius Retail,236381584.53,AAA,Retail,2024,46127,0.768,USA,LSE
FIN-00322,Vertex Holdings,598549481.12,BB,Technology,2024,31426,0.857,Germany,OTC
FIN-00323,NexGen Solution,36564484.7,BB,Finance,2024,23004,0.445,Germany,NASDAQ
FIN-00324,Global Tech Inc,27327465.65,AA,Retail,2024,24913,0.646,USA,SGX
FIN-00325,Eclipse Trading,387737665.21,BBB,Manufacturing,2022,28212,0.661,Netherlands,NASDAQ
FIN-00326,Meridian Corp,118874564.26,BB,Healthcare,2023,12740,0.375,USA,NASDAQ
FIN-00327,Titan Mfg,589028856.44,AA,Energy,2024,49370,0.811,Netherlands,SGX
FIN-00328,NexGen Solution,873382553.73,AA,Technology,2022,3762,0.201,UK,LSE
FIN-00329,Next Gen Solutions,350317796.75,B,Finance,2023,8551,0.585,Singapore,OTC
FIN-00330,Meridian Corp,77301492.65,BB,Finance,2023,46269,0.688,Germany,NASDAQ
FIN-00331,Cascade Biotech,941485560.71,BB,Healthcare,2024,16054,0.521,Germany,LSE
FIN-00332,Forge Industries,54943536.58,BBB,Manufacturing,2024,31914,0.324,UK,NASDAQ
FIN-00333,Radiant Health,305634261.84,BB,Finance,2022,24454,0.68,UK,NYSE
FIN-00334,Nova Logistics,650258178.3,BBB,Technology,2022,32746,0.769,Germany,LSE
FIN-00335,Tempest Energy,301112434.46,AAA,Technology,2023,40010,0.407,USA,FSE
FIN-00336,Delta Robotics,45371134.57,AA,Energy,2022,43298,0.445,USA,OTC
FIN-00337,Cobalt Ventures,542007617.59,A,Technology,2024,49495,0.815,Germany,SGX
FIN-00338,Solaris Energy,341603440.59,BB,Energy,2023,47840,0.843,USA,NYSE
FIN-00339,Nimbus Cloud,952521120.07,B,Healthcare,2024,30426,0.439,Netherlands,SGX
FIN-00340,Quantum Analytic,960344703.14,BBB,Manufacturing,2022,8692,0.826,Germany,OTC
FIN-00341,Stellar Pharma,998807284.93,BB,Healthcare,2023,37476,0.416,Netherlands,LSE
FIN-00342,Crest Financial,659570713.59,B,Retail,2022,8196,0.346,Germany,LSE
FIN-00343,Orion Dynamics,463261544.3,BBB,Technology,2023,2475,0.873,Singapore,OTC
FIN-00344,Nimbus Cloud,409202277.37,BB,Technology,2023,40048,0.541,USA,FSE
FIN-00345,Orion Dynamics,766210852.9,A,Healthcare,2023,8387,0.282,UK,NASDAQ
FIN-00346,Aether Networks,233439781.33,B,Technology,2022,44905,0.505,Singapore,SGX
FIN-00347,Indigo Capital,553854318.84,AA,Technology,2024,17027,0.88,USA,OTC
FIN-00348,Helios Media,600978260.01,A,Technology,2022,33272,0.455,Netherlands,NYSE
FIN-00349,Nova Logistics,326463257.02,A,Manufacturing,2023,4728,0.614,Germany,NASDAQ
FIN-00350,GlobalTech Incorporated,607359773.06,A,Healthcare,2023,42778,0.4,Germany,SGX
FIN-00351,Global Tech Inc,368933611.56,A,Finance,2024,1723,0.185,UK,LSE
FIN-00352,Vertex Capital,939999895.94,BBB,Retail,2022,43111,0.681,Singapore,OTC
FIN-00353,Horizon Enterprises,958666541.96,AA,Retail,2024,37696,0.604,Singapore,SGX
FIN-00354,Meridian Corp,607494908.18,B,Retail,2024,28952,0.354,UK,SGX
FIN-00355,Atlas Freight LLC,329355818.66,A,Finance,2023,20681,0.699,USA,OTC
FIN-00356,Nova Logistics,733065531.84,BBB,Healthcare,2022,23117,0.548,USA,LSE
FIN-00357,Eclipse Trading,449519053.45,BBB,Finance,2024,8260,0.841,UK,FSE
FIN-00358,Tempest Energy,605940118.62,A,Healthcare,2023,7780,0.165,Singapore,SGX
FIN-00359,Zenith,494706034.12,AA,Finance,2023,1066,0.233,Singapore,LSE
FIN-00360,Nimbus Cloud,743111138.45,AA,Technology,2023,1618,0.652,USA,NASDAQ
FIN-00361,Vertex Capital,904356132.26,A,Finance,2023,45723,0.546,Germany,NYSE
FIN-00362,Sirius Retail,591886524.13,BB,Technology,2024,3014,0.159,Germany,FSE
FIN-00363,Ionic Materials,740956782.03,BBB,Healthcare,2023,45932,0.208,UK,OTC
FIN-00364,Tempest Energy,153104142.22,AAA,Retail,2024,24290,0.639,Singapore,FSE
FIN-00365,Indigo Capital,177545539.86,B,Retail,2023,6400,0.286,Singapore,LSE
FIN-00366,Pinnacle,518159964.0,BB,Retail,2024,28013,0.328,Singapore,LSE
FIN-00367,Orion Dynamics,42892494.78,B,Manufacturing,2022,28265,0.515,Netherlands,SGX
FIN-00368,Indigo Capital,347998269.45,AA,Technology,2023,17996,0.489,UK,NASDAQ
FIN-00369,ATLAS Freight,988816768.65,AAA,Finance,2024,18310,0.213,UK,SGX
FIN-00370,Vertex Capital,28322774.58,AAA,Retail,2024,12838,0.105,USA,LSE
FIN-00371,Solaris Energy,941864152.4,BB,Energy,2024,29202,0.517,Singapore,LSE
FIN-00372,Meridian Corp,444960658.1,BBB,Energy,2023,5742,0.792,Germany,OTC
FIN-00373,Meridian Corp,803837440.36,B,Finance,2024,4922,0.362,Netherlands,LSE
FIN-00374,Stellar Pharma,630993318.19,BB,Manufacturing,2022,46371,0.65,USA,FSE
FIN-00375,Catalyst Group,191208278.33,BB,Manufacturing,2024,2385,0.859,USA,NASDAQ
FIN-00376,Apex Industries LLC,376832847.86,AA,Manufacturing,2022,17435,0.476,Singapore,NASDAQ
FIN-00377,Pulsar Electronics,132660136.47,B,Technology,2024,47451,0.7,USA,FSE
FIN-00378,Vertex Holdings,558179424.14,AA,Manufacturing,2022,2593,0.435,Germany,SGX
FIN-00379,Delta Robotics,638076912.38,BBB,Retail,2024,11850,0.802,UK,LSE
FIN-00380,Pulsar Electronics,796949430.53,BBB,Retail,2023,35663,0.485,USA,NASDAQ
FIN-00381,Meridian Corp,420174432.85,BBB,Healthcare,2022,43462,0.44,UK,FSE
FIN-00382,Indigo Capital,348230996.86,BBB,Manufacturing,2022,31752,0.772,Singapore,SGX
FIN-00383,Ionic Materials,29933584.72,A,Retail,2022,26854,0.149,Germany,LSE
FIN-00384,Indigo Capital,391987015.44,BBB,Energy,2023,17135,0.83,Germany,FSE
FIN-00385,Titan Manufacturing Co,636629926.74,AAA,Healthcare,2023,26907,0.277,UK,SGX
FIN-00386,Solaris Energy,947929916.47,BB,Retail,2023,8518,0.584,USA,OTC
FIN-00387,GlobalTech Incorporated,91162458.02,B,Healthcare,2023,36284,0.151,USA,SGX
FIN-00388,Solaris Energy,535937190.07,AA,Retail,2023,47093,0.283,UK,LSE
FIN-00389,Sirius Retail,216399482.73,B,Finance,2022,2414,0.776,Netherlands,NYSE
FIN-00390,Vertex Capital,791552118.15,AAA,Finance,2023,19806,0.119,UK,NYSE
FIN-00391,Stellar Pharma,813182846.14,BBB,Manufacturing,2023,8647,0.755,Germany,NYSE
FIN-00392,Vertex Holdings,505005153.34,B,Manufacturing,2023,1370,0.112,Netherlands,SGX
FIN-00393,Zenith Tech,736137524.7,BBB,Finance,2024,20509,0.728,Singapore,SGX
FIN-00394,GlobalTech Incorporated,274775690.24,AA,Technology,2023,43044,0.561,Singapore,LSE
FIN-00395,Synapse A.I.,223030704.32,BBB,Retail,2023,31726,0.328,Netherlands,SGX
FIN-00396,Nova Logistics,18195319.88,BBB,Manufacturing,2023,24477,0.71,USA,FSE
FIN-00397,TITAN Manufacturing,975215404.38,BBB,Finance,2023,24286,0.481,USA,OTC
FIN-00398,Cobalt Ventures,144627488.3,B,Technology,2022,36808,0.235,Singapore,SGX
FIN-00399,Nova Logistics,142189234.97,BB,Energy,2024,47434,0.772,UK,NYSE
FIN-00400,Pulsar Electronics,412446724.74,B,Healthcare,2022,2442,0.357,Netherlands,SGX
FIN-00401,Ionic Materials,268876750.91,AA,Retail,2023,35805,0.5,UK,LSE
FIN-00402,Summit Resources,514916684.53,B,Manufacturing,2022,6934,0.441,USA,FSE
FIN-00403,Apex Ind.,162931021.14,B,Technology,2022,12984,0.45,USA,NYSE
FIN-00404,SynapseAI,171551364.84,BB,Energy,2022,49136,0.799,Singapore,FSE
FIN-00405,ACME Corporation,118465694.81,A,Manufacturing,2024,17817,0.518,Netherlands,LSE
FIN-00406,Solace Systems,142376079.02,BB,Manufacturing,2022,40289,0.862,Germany,SGX
FIN-00407,Delphi Advisors,472637926.45,AA,Healthcare,2024,47244,0.897,UK,NASDAQ
FIN-00408,Radiant Health,10811365.16,BBB,Finance,2022,30884,0.154,USA,LSE
FIN-00409,Vanguard Networks,694351126.67,BB,Energy,2023,6257,0.149,Singapore,SGX
FIN-00410,Stratos Global,351102340.12,BB,Finance,2023,41260,0.111,UK,LSE
FIN-00411,ATLAS Freight,584883916.67,A,Healthcare,2024,26478,0.847,Netherlands,SGX
FIN-00412,Vanguard Networks,593046487.89,AAA,Manufacturing,2022,18399,0.243,Netherlands,NYSE
FIN-00413,Apex Industries LLC,587729744.7,BBB,Healthcare,2024,38858,0.584,Netherlands,OTC
FIN-00414,Eclipse Trading,168931289.11,AA,Finance,2022,40349,0.217,UK,FSE
FIN-00415,ACME Corporation,78709640.89,AAA,Finance,2024,28865,0.44,Singapore,LSE
FIN-00416,Cobalt Ventures,241532119.35,BBB,Energy,2023,46334,0.48,Germany,SGX
FIN-00417,Indigo Capital,883402323.32,AA,Finance,2024,18251,0.669,Singapore,SGX
FIN-00418,Cascade Biotech,695404654.79,A,Manufacturing,2022,36612,0.82,Germany,NASDAQ
FIN-00419,GlobalTech Incorporated,855516940.84,B,Healthcare,2024,27842,0.271,Netherlands,NASDAQ
FIN-00420,Delta Robotics,179826594.41,B,Technology,2022,29022,0.389,UK,NYSE
FIN-00421,Tempest Energy,329123093.2,A,Healthcare,2024,901,0.585,USA,OTC
FIN-00422,Stellar Pharma,398895708.14,B,Manufacturing,2023,18018,0.6,Netherlands,NYSE
FIN-00423,Eclipse Trading,490810184.81,BBB,Manufacturing,2024,49240,0.536,USA,NYSE
FIN-00424,Crest Financial,613307571.61,B,Finance,2024,48297,0.242,UK,NYSE
FIN-00425,Ionic Materials,56991946.23,B,Manufacturing,2022,20643,0.178,Netherlands,LSE
FIN-00426,Vanguard Networks,333332322.73,B,Healthcare,2024,11139,0.825,Netherlands,OTC
FIN-00427,Crest Financial,940604616.39,BBB,Energy,2024,43935,0.149,UK,SGX
FIN-00428,Zenith,267369289.28,AA,Energy,2022,18106,0.587,Netherlands,FSE
FIN-00429,Orion Dynamics,311853358.2,BB,Healthcare,2022,22427,0.473,USA,SGX
FIN-00430,Summit Resources,117145428.55,AAA,Finance,2024,5713,0.249,Netherlands,OTC
FIN-00431,Global Tech Inc,788947942.06,AA,Manufacturing,2023,30219,0.165,UK,LSE
FIN-00432,Vanguard Networks,311176575.07,BBB,Manufacturing,2023,11715,0.323,Netherlands,LSE
FIN-00433,Ionic Materials,835439988.73,A,Finance,2022,19378,0.307,Singapore,LSE
FIN-00434,Horizon Enterprises,355797949.91,A,Healthcare,2024,34328,0.46,UK,NYSE
FIN-00435,Tempest Energy,156548522.4,BB,Finance,2024,28483,0.378,Germany,NASDAQ
FIN-00436,Sirius Retail,91666742.98,AA,Healthcare,2022,30700,0.309,USA,SGX
FIN-00437,Orion Dynamics,140675466.55,BB,Healthcare,2023,36997,0.402,Netherlands,NYSE
FIN-00438,Indigo Capital,629842607.49,AAA,Finance,2023,31212,0.368,USA,NASDAQ
FIN-00439,Helios Media,163582897.52,BB,Finance,2022,28820,0.747,Singapore,SGX
FIN-00440,Solace Systems,731223903.8,BBB,Finance,2023,47456,0.399,Germany,FSE
FIN-00441,Prism Consulting,41088839.47,AA,Retail,2022,27639,0.441,Germany,SGX
FIN-00442,Prism Consulting,164861940.2,AA,Healthcare,2024,45769,0.854,UK,SGX
FIN-00443,Apex Ind.,663743012.84,AAA,Technology,2023,9320,0.741,Singapore,FSE
FIN-00444,Stratos Global,1842366.26,AA,Finance,2022,19794,0.346,UK,NASDAQ
FIN-00445,Solaris Energy,91076727.63,AA,Finance,2024,36445,0.777,Germany,NYSE
FIN-00446,Eclipse Trading,345367151.39,BBB,Retail,2024,25874,0.659,Singapore,OTC
FIN-00447,Delta Robotics,706517876.51,AAA,Energy,2022,20913,0.71,UK,FSE
FIN-00448,Indigo Capital,819971285.07,B,Energy,2024,25861,0.527,Germany,FSE
FIN-00449,Tempest Energy,222472349.87,BB,Finance,2022,24241,0.39,Netherlands,NYSE
FIN-00450,Aether Networks,914671414.72,B,Finance,2022,32814,0.25,UK,LSE
FIN-00451,Synapse A.I.,340247069.02,B,Finance,2023,9929,0.328,Singapore,OTC
FIN-00452,Eclipse Trading,261758478.3,BBB,Finance,2022,26147,0.646,USA,FSE
FIN-00453,Horizon Enterprises,686379554.06,AAA,Manufacturing,2023,851,0.229,UK,SGX
FIN-00454,Vertex Capital,686612350.77,AAA,Energy,2024,43971,0.421,USA,LSE
FIN-00455,SynapseAI,742322944.72,AAA,Retail,2023,32953,0.398,Singapore,OTC
FIN-00456,Sirius Retail,112560466.92,AA,Energy,2024,49831,0.407,USA,NASDAQ
FIN-00457,ACME Corporation,948253015.05,B,Retail,2023,13000,0.512,Netherlands,OTC
FIN-00458,Summit Resources,49495054.64,A,Technology,2022,32137,0.468,USA,SGX
FIN-00459,Crest Financial,426276834.59,B,Healthcare,2022,35619,0.314,Germany,LSE
FIN-00460,Ionic Materials,447323378.76,A,Manufacturing,2022,39094,0.189,USA,SGX
FIN-00461,Prism Consulting,176058414.21,BB,Technology,2022,47680,0.216,Singapore,FSE
FIN-00462,Stellar Pharma,971880922.58,B,Retail,2022,48067,0.756,Netherlands,FSE
FIN-00463,NexGen Solution,327261888.51,AAA,Finance,2024,47485,0.61,USA,FSE
FIN-00464,Vertex Capital,338434968.63,B,Manufacturing,2023,27740,0.421,UK,OTC
FIN-00465,Quantum,653242538.34,AAA,Energy,2022,12609,0.557,Germany,SGX
FIN-00466,Vertex Capital,694562881.52,AAA,Healthcare,2024,31043,0.272,Singapore,LSE
FIN-00467,Orion Dynamics,502061521.57,AAA,Retail,2023,11929,0.643,Germany,NYSE
FIN-00468,Ionic Materials,19700229.88,BBB,Manufacturing,2022,18057,0.314,Netherlands,OTC
FIN-00469,Indigo Capital,222102361.85,AAA,Manufacturing,2023,14537,0.151,Germany,OTC
FIN-00470,Delphi Advisors,588326250.35,B,Retail,2023,35534,0.411,Netherlands,NYSE
FIN-00471,Sirius Retail,320323164.34,BBB,Finance,2023,48715,0.499,Netherlands,OTC
FIN-00472,Stratos Global,256436904.16,AAA,Manufacturing,2024,5201,0.605,Netherlands,LSE
FIN-00473,Horizon Enterprises,748262885.14,BB,Healthcare,2023,19174,0.701,Singapore,OTC
FIN-00474,Summit Resources,156744597.42,BB,Finance,2024,23094,0.552,Singapore,NYSE
FIN-00475,Atlas Freight Co,744307966.88,AA,Energy,2024,8680,0.403,USA,NYSE
FIN-00476,Prism Consulting,212093866.02,AAA,Retail,2023,11756,0.792,Singapore,SGX
FIN-00477,Ionic Materials,751529639.42,BBB,Retail,2023,20982,0.716,USA,OTC
FIN-00478,Indigo Capital,225874113.16,BBB,Energy,2023,18811,0.761,Singapore,NASDAQ
FIN-00479,Orion Dynamics,289119402.25,BB,Healthcare,2023,43054,0.238,USA,FSE
FIN-00480,Tempest Energy,974273144.27,BBB,Finance,2024,1953,0.595,UK,SGX
FIN-00481,Aether Networks,599968601.92,B,Energy,2022,21350,0.588,UK,SGX
FIN-00482,Eclipse Trading,951894234.72,AAA,Manufacturing,2024,42918,0.411,Netherlands,NASDAQ
FIN-00483,Stratos Global,369695257.22,AA,Finance,2023,46763,0.837,Germany,NASDAQ
FIN-00484,Atlas Freight LLC,894551212.3,AA,Retail,2023,30143,0.296,Netherlands,FSE
FIN-00485,Nova Logistics,972832482.11,BB,Manufacturing,2022,39634,0.77,UK,NASDAQ
FIN-00486,Summit Resources,7876430.56,AAA,Manufacturing,2024,26680,0.794,Singapore,FSE
FIN-00487,Vertex Holdings,957617241.68,B,Retail,2022,46960,0.721,Netherlands,OTC
FIN-00488,GlobalTech Incorporated,481326756.31,B,Technology,2023,26159,0.763,USA,LSE
FIN-00489,Prism Consulting,429159949.24,AAA,Technology,2022,17253,0.706,Netherlands,NYSE
FIN-00490,Stratos Global,413480161.26,A,Finance,2022,31677,0.268,USA,LSE
FIN-00491,Vertex Holdings,899296115.97,BBB,Finance,2023,22492,0.336,Singapore,LSE
FIN-00492,Cascade Biotech,568662958.62,BB,Technology,2022,9750,0.517,USA,NASDAQ
FIN-00493,Crest Financial,714089326.45,A,Manufacturing,2022,37250,0.607,Singapore,OTC
FIN-00494,Cascade Biotech,155286846.41,B,Finance,2022,39859,0.334,Singapore,LSE
FIN-00495,Titan Mfg,851068232.24,BB,Healthcare,2022,38338,0.11,Germany,OTC
FIN-00496,Vertex Capital,477497361.11,AA,Healthcare,2024,10265,0.57,Netherlands,LSE
FIN-00497,Radiant Health,378600762.38,BBB,Manufacturing,2022,34471,0.486,Singapore,FSE
FIN-00498,Acme Corp.,947001304.85,A,Finance,2023,13578,0.279,Germany,SGX
FIN-00499,Meridian Corp,357144962.33,BBB,Retail,2024,849,0.772,Netherlands,NASDAQ
FIN-00500,Vanguard Networks,664579841.71,BBB,Manufacturing,2022,21645,0.506,Germany,SGX
FIN-00501,Forge Industries,970466782.5,AAA,Energy,2024,34321,0.298,Germany,OTC
FIN-00502,Orion Dynamics,229111590.62,B,Energy,2022,2686,0.884,Germany,SGX
FIN-00503,Stellar Pharma,743367339.09,B,Technology,2022,34296,0.342,UK,NASDAQ
FIN-00504,Nova Logistics,464807021.53,BB,Technology,2023,41593,0.158,Singapore,NYSE
FIN-00505,Cascade Biotech,476559769.22,AAA,Retail,2024,14139,0.579,Germany,SGX
FIN-00506,Acme Corp.,430325893.78,AAA,Manufacturing,2023,42165,0.256,Netherlands,FSE
FIN-00507,ACME Corporation,754805689.85,BB,Healthcare,2023,41411,0.241,Netherlands,FSE
FIN-00508,Vertex Capital,951484261.72,A,Healthcare,2024,16369,0.373,Netherlands,SGX
FIN-00509,Cobalt Ventures,112358588.33,AA,Energy,2022,20969,0.815,Netherlands,FSE
FIN-00510,Pulsar Electronics,179616371.64,BBB,Manufacturing,2023,6247,0.84,Singapore,LSE
FIN-00511,Forge Industries,194401909.1,AAA,Finance,2022,20182,0.501,Germany,SGX
FIN-00512,Eclipse Trading,685061573.48,BB,Finance,2024,44082,0.224,UK,NASDAQ
FIN-00513,Prism Consulting,852504927.13,BB,Manufacturing,2022,21393,0.865,Singapore,OTC
FIN-00514,Delphi Advisors,779975157.39,A,Finance,2023,30981,0.847,Germany,LSE
FIN-00515,Zenith Technologies Ltd,334388442.52,A,Manufacturing,2023,29522,0.346,Netherlands,FSE
FIN-00516,Ionic Materials,762460521.33,BBB,Technology,2023,23224,0.617,UK,FSE
FIN-00517,Stellar Pharma,818714535.11,AA,Finance,2024,47017,0.305,Germany,NYSE
FIN-00518,Indigo Capital,791129049.88,A,Retail,2024,48482,0.26,UK,SGX
FIN-00519,Vertex Capital,856547038.84,AAA,Technology,2022,10563,0.36,Singapore,OTC
FIN-00520,Tempest Energy,952093320.59,AAA,Manufacturing,2023,45125,0.868,Singapore,NASDAQ
FIN-00521,Stellar Pharma,60257505.33,AAA,Manufacturing,2023,18140,0.53,Singapore,LSE
FIN-00522,Meridian Corp,135150449.1,B,Technology,2023,48051,0.431,UK,NASDAQ
FIN-00523,Tempest Energy,574514032.34,BB,Technology,2023,16121,0.362,Netherlands,OTC
FIN-00524,Quantum,531496452.12,A,Manufacturing,2022,9255,0.718,USA,OTC
FIN-00525,Indigo Capital,905198392.02,BBB,Manufacturing,2022,12117,0.357,UK,FSE
FIN-00526,Crest Financial,199786194.17,B,Healthcare,2023,39608,0.698,USA,NASDAQ
FIN-00527,Meridian Corp,427903598.08,BBB,Technology,2024,4000,0.83,Netherlands,LSE
FIN-00528,Global Tech,437769709.56,AAA,Retail,2023,35361,0.494,Netherlands,LSE
FIN-00529,Vertex Holdings,565741498.95,BB,Technology,2024,10419,0.739,USA,SGX
FIN-00530,Summit Resources,752155441.83,B,Energy,2023,30571,0.461,UK,OTC
FIN-00531,Sirius Retail,182492148.34,BB,Healthcare,2023,34634,0.725,Singapore,NYSE
FIN-00532,Prism Consulting,7347602.68,BBB,Technology,2022,14810,0.358,UK,LSE
FIN-00533,TITAN Manufacturing,674863774.3,A,Retail,2023,42885,0.632,Netherlands,LSE
FIN-00534,Solace Systems,189658528.83,AA,Finance,2023,11950,0.181,Netherlands,SGX
FIN-00535,NexGen Solution,540536174.69,AAA,Healthcare,2023,15130,0.627,UK,LSE
FIN-00536,Stratos Global,991012623.49,AA,Finance,2023,1838,0.21,Singapore,NYSE
FIN-00537,Delta Robotics,444508510.12,B,Manufacturing,2022,24980,0.139,Singapore,FSE
FIN-00538,Vanguard Networks,771212752.34,BB,Technology,2022,11525,0.505,Netherlands,OTC
FIN-00539,Radiant Health,163720113.78,AA,Technology,2023,48588,0.584,Germany,FSE
FIN-00540,Vanguard Networks,985166951.58,BB,Healthcare,2023,16780,0.507,Singapore,NYSE
FIN-00541,ACME Corporation,803608261.49,BBB,Technology,2023,23668,0.857,USA,FSE
FIN-00542,Cobalt Ventures,999706857.54,AAA,Manufacturing,2024,25588,0.801,USA,LSE
FIN-00543,Indigo Capital,141595082.98,AA,Finance,2024,657,0.202,UK,NASDAQ
FIN-00544,Eclipse Trading,62120278.83,AA,Manufacturing,2024,19257,0.397,Singapore,NASDAQ
FIN-00545,Ionic Materials,175462843.61,BB,Finance,2024,43871,0.245,USA,NASDAQ
FIN-00546,GlobalTech Incorporated,204872819.01,BBB,Manufacturing,2023,17428,0.598,USA,NYSE
FIN-00547,Sirius Retail,888931630.08,AAA,Manufacturing,2022,26766,0.137,Singapore,SGX
FIN-00548,Radiant Health,159014405.79,AAA,Healthcare,2022,6087,0.436,USA,NYSE
FIN-00549,Eclipse Trading,983385418.49,BB,Energy,2022,39585,0.748,USA,LSE
FIN-00550,Eclipse Trading,899649442.8,A,Finance,2023,43066,0.532,Netherlands,OTC
FIN-00551,Catalyst Group,493308907.38,BB,Finance,2022,14422,0.512,UK,NASDAQ
FIN-00552,Horizon Enterprises,717550799.56,A,Retail,2022,16419,0.281,UK,OTC
FIN-00553,Cobalt Ventures,710750008.46,BBB,Manufacturing,2024,34123,0.514,Germany,NASDAQ
FIN-00554,Indigo Capital,375395927.71,AA,Retail,2024,2292,0.698,Singapore,OTC
FIN-00555,Pinnacle Sys,979551088.33,AAA,Finance,2024,2285,0.768,UK,NASDAQ
FIN-00556,Prism Consulting,12700798.17,BBB,Energy,2023,12354,0.603,Netherlands,FSE
FIN-00557,Cascade Biotech,453740401.08,A,Retail,2023,7771,0.696,Netherlands,LSE
FIN-00558,Sirius Retail,256029139.26,BBB,Retail,2023,43516,0.177,Germany,SGX
FIN-00559,Quantum Analytic,782172314.58,BBB,Manufacturing,2022,35656,0.201,UK,FSE
FIN-00560,Meridian Corp,550914304.78,A,Finance,2023,20171,0.462,Netherlands,NYSE
FIN-00561,Vertex Capital,398160541.08,BB,Finance,2022,44652,0.277,USA,NASDAQ
FIN-00562,Helios Media,563320120.5,BB,Retail,2022,34990,0.39,UK,OTC
FIN-00563,Radiant Health,375097647.98,AAA,Manufacturing,2022,41659,0.607,Netherlands,NASDAQ
FIN-00564,Zenith,942249795.91,BB,Energy,2022,18296,0.139,Singapore,LSE
FIN-00565,Delta Robotics,893850750.1,BBB,Healthcare,2022,47337,0.851,USA,NYSE
FIN-00566,Quantum,556201621.17,A,Finance,2024,40231,0.575,USA,NYSE
FIN-00567,Ionic Materials,144647775.82,AA,Finance,2023,10499,0.617,Singapore,SGX
FIN-00568,Vanguard Networks,834494697.54,AAA,Finance,2023,9253,0.814,USA,OTC
FIN-00569,Tempest Energy,206625260.34,AA,Manufacturing,2023,49895,0.362,USA,SGX
FIN-00570,Cobalt Ventures,771886372.33,BB,Energy,2022,43331,0.451,USA,SGX
FIN-00571,Aether Networks,154522930.63,B,Healthcare,2023,2735,0.405,Germany,NYSE
FIN-00572,Summit Resources,585393595.71,B,Manufacturing,2023,49756,0.333,Netherlands,NYSE
FIN-00573,Horizon Enterprises,242051302.3,B,Energy,2024,28392,0.437,USA,LSE
FIN-00574,Stellar Pharma,640625158.44,A,Energy,2024,16515,0.886,USA,NYSE
FIN-00575,Catalyst Group,243501474.98,BBB,Finance,2024,28477,0.633,USA,OTC
FIN-00576,Pulsar Electronics,607021205.41,B,Energy,2022,39480,0.186,USA,SGX
FIN-00577,Catalyst Group,966762872.35,AA,Healthcare,2024,44130,0.667,Netherlands,FSE
FIN-00578,Prism Consulting,347957148.85,BBB,Energy,2024,34309,0.13,Singapore,OTC
FIN-00579,Synapse Artificial Intelligence,908173226.89,AA,Retail,2022,1632,0.604,Germany,NYSE
FIN-00580,ATLAS Freight,802093350.87,B,Energy,2023,23550,0.755,Germany,LSE
FIN-00581,Nova Logistics,446560982.37,AAA,Healthcare,2023,45866,0.893,Germany,NASDAQ
FIN-00582,Solaris Energy,740964065.63,A,Finance,2023,5874,0.367,Netherlands,SGX
FIN-00583,Titan Manufacturing Co,828854427.26,AAA,Manufacturing,2022,41957,0.425,Netherlands,FSE
FIN-00584,Orion Dynamics,202946968.36,B,Energy,2023,22135,0.745,Germany,NASDAQ
FIN-00585,Stratos Global,16911403.16,AA,Retail,2023,33219,0.66,Netherlands,LSE
FIN-00586,Nimbus Cloud,398573261.14,B,Technology,2022,6168,0.172,Netherlands,OTC
FIN-00587,Prism Consulting,146619678.57,A,Retail,2023,26051,0.206,Singapore,NYSE
FIN-00588,Atlas Freight Co,570536675.02,AAA,Healthcare,2022,29052,0.761,UK,SGX
FIN-00589,Zenith,992684603.58,AAA,Energy,2022,45602,0.887,UK,NASDAQ
FIN-00590,Cascade Biotech,146231320.58,A,Finance,2022,40172,0.487,Singapore,FSE
FIN-00591,Nimbus Cloud,412911242.11,BB,Retail,2023,41157,0.56,Singapore,OTC
FIN-00592,Quantum,797000530.23,A,Healthcare,2023,24313,0.392,UK,LSE
FIN-00593,Forge Industries,77963408.02,B,Finance,2023,46084,0.298,Netherlands,SGX
FIN-00594,Apex Ind.,981030013.97,BB,Manufacturing,2023,35135,0.351,Netherlands,NASDAQ
FIN-00595,Helios Media,465821149.27,BB,Technology,2023,40604,0.45,Netherlands,FSE
FIN-00596,Vertex Holdings,23093067.4,BBB,Retail,2024,3821,0.817,Singapore,OTC
FIN-00597,Zenith Tech,682325002.93,AAA,Manufacturing,2023,37389,0.302,USA,OTC
FIN-00598,Delphi Advisors,431399199.4,AA,Energy,2022,43421,0.462,Netherlands,OTC
FIN-00599,Cobalt Ventures,233331784.9,BB,Energy,2022,35414,0.884,Netherlands,LSE
FIN-00600,Acme Corp.,53917950.42,A,Retail,2022,4703,0.591,Netherlands,FSE
FIN-00601,Stratos Global,249550732.97,BB,Finance,2022,1982,0.62,Singapore,OTC
FIN-00602,Meridian Corp,90016620.26,BBB,Retail,2024,44965,0.41,Singapore,FSE
FIN-00603,Eclipse Trading,847418278.57,AA,Technology,2023,23325,0.242,Singapore,LSE
FIN-00604,Pulsar Electronics,185381814.15,BBB,Finance,2022,23066,0.889,USA,LSE
FIN-00605,Cascade Biotech,524343406.49,AAA,Retail,2022,36561,0.147,Germany,NYSE
FIN-00606,Stratos Global,963636156.49,BB,Technology,2022,21471,0.408,USA,SGX
FIN-00607,Solace Systems,859499265.52,AA,Finance,2024,40739,0.499,Netherlands,NASDAQ
FIN-00608,Helios Media,872224997.88,AA,Retail,2023,37666,0.242,Singapore,OTC
FIN-00609,Orion Dynamics,814547112.59,BBB,Technology,2024,2591,0.848,USA,LSE
FIN-00610,Atlas Freight LLC,349704967.24,AA,Retail,2024,11019,0.82,Singapore,NASDAQ
FIN-00611,Delphi Advisors,997344563.73,A,Energy,2024,35962,0.765,Singapore,NYSE
FIN-00612,Nimbus Cloud,339005598.57,A,Finance,2022,32212,0.251,Singapore,NYSE
FIN-00613,Helios Media,916693891.07,BBB,Manufacturing,2024,49504,0.771,USA,SGX
FIN-00614,Horizon Enterprises,911955159.42,BB,Retail,2024,34910,0.517,Netherlands,OTC
FIN-00615,Vanguard Networks,320996103.59,BBB,Finance,2023,41097,0.441,Singapore,FSE
FIN-00616,Horizon Enterprises,24810316.07,AAA,Healthcare,2024,31776,0.588,Germany,FSE
FIN-00617,Atlas Freight Co,699202752.05,BB,Technology,2022,5894,0.346,Netherlands,OTC
FIN-00618,Solace Systems,641291495.77,B,Technology,2024,1882,0.138,Germany,FSE
FIN-00619,Vanguard Networks,964222924.87,AAA,Manufacturing,2023,48450,0.507,UK,SGX
FIN-00620,Crest Financial,910751439.22,AAA,Energy,2022,14570,0.67,USA,OTC
FIN-00621,Solaris Energy,207530204.48,B,Retail,2022,3014,0.838,UK,OTC
FIN-00622,Meridian Corp,5734045.83,AA,Manufacturing,2023,11653,0.89,UK,LSE
FIN-00623,Prism Consulting,156773063.8,BB,Finance,2024,43862,0.307,Singapore,OTC
FIN-00624,Solace Systems,205671404.6,B,Manufacturing,2023,26867,0.652,Singapore,FSE
FIN-00625,Delta Robotics,842791610.77,AA,Energy,2023,39380,0.108,Singapore,NYSE
FIN-00626,Cascade Biotech,663300067.38,AA,Technology,2024,7546,0.192,Singapore,NYSE
FIN-00627,Orion Dynamics,168199368.48,B,Healthcare,2024,46909,0.844,Singapore,LSE
FIN-00628,Forge Industries,285420120.87,BB,Healthcare,2022,49922,0.196,UK,NYSE
FIN-00629,Nimbus Cloud,201587382.88,BB,Technology,2023,31429,0.187,UK,NYSE
FIN-00630,Delta Robotics,84524421.47,B,Technology,2022,28620,0.592,Singapore,OTC
FIN-00631,Zenith Technologies Ltd,597404474.88,AAA,Manufacturing,2024,12434,0.715,Germany,NYSE
FIN-00632,Solace Systems,948640826.08,A,Healthcare,2022,22995,0.47,USA,FSE
FIN-00633,Delta Robotics,946874468.16,BB,Technology,2022,12106,0.602,Germany,OTC
FIN-00634,Cascade Biotech,871465975.45,AAA,Finance,2024,34689,0.33,UK,NASDAQ
FIN-00635,Nimbus Cloud,57656414.3,B,Technology,2023,34000,0.527,Netherlands,OTC
FIN-00636,Stratos Global,371001774.51,AA,Technology,2024,15363,0.105,USA,SGX
FIN-00637,Pinnacle Systems Ltd,768926737.76,AAA,Finance,2024,2356,0.551,USA,NYSE
FIN-00638,Eclipse Trading,283185982.26,BB,Energy,2023,49075,0.29,Singapore,SGX
FIN-00639,Quantum Analytics Inc,980150973.39,B,Energy,2023,10086,0.463,Germany,NASDAQ
FIN-00640,Zenith Technologies Ltd,637456120.96,AA,Energy,2023,10556,0.394,USA,FSE
FIN-00641,Cobalt Ventures,43512333.69,BBB,Manufacturing,2024,14925,0.89,UK,OTC
FIN-00642,Helios Media,941939212.33,BBB,Energy,2023,48117,0.462,Singapore,FSE
FIN-00643,Crest Financial,326684973.68,BBB,Finance,2024,34779,0.265,UK,OTC
FIN-00644,Vanguard Networks,948056999.77,B,Manufacturing,2024,23866,0.82,Netherlands,FSE
FIN-00645,Crest Financial,214300169.05,AA,Energy,2022,35624,0.622,Germany,SGX
FIN-00646,Ionic Materials,200210337.5,A,Retail,2022,43280,0.407,Netherlands,FSE
FIN-00647,Orion Dynamics,24811560.58,AA,Energy,2024,43762,0.238,Netherlands,NASDAQ
FIN-00648,Prism Consulting,151532573.81,A,Energy,2022,48446,0.204,Singapore,LSE
FIN-00649,Aether Networks,676513219.02,AAA,Technology,2022,618,0.836,USA,LSE
FIN-00650,Horizon Enterprises,931631083.85,A,Finance,2024,9919,0.866,Germany,NYSE
FIN-00651,Crest Financial,583865072.56,BBB,Energy,2023,46161,0.24,Germany,NYSE
FIN-00652,Nimbus Cloud,900916241.03,AA,Finance,2023,7812,0.526,Netherlands,FSE
FIN-00653,Stratos Global,700162751.54,A,Manufacturing,2022,7479,0.631,UK,FSE
FIN-00654,Catalyst Group,136463141.84,BBB,Energy,2023,31302,0.236,USA,SGX
FIN-00655,Crest Financial,585306313.12,AA,Energy,2022,32278,0.857,Netherlands,LSE
FIN-00656,Sirius Retail,886604214.68,AAA,Finance,2022,40946,0.34,Singapore,NASDAQ
FIN-00657,Meridian Corp,961613535.4,A,Healthcare,2024,5494,0.384,Singapore,NYSE
FIN-00658,Aether Networks,991710103.56,A,Healthcare,2022,33697,0.324,Netherlands,NYSE
FIN-00659,Pulsar Electronics,905910836.47,AAA,Manufacturing,2022,45958,0.345,Singapore,FSE
FIN-00660,Sirius Retail,273563712.66,B,Energy,2024,5308,0.366,USA,NASDAQ
FIN-00661,Aether Networks,734906624.41,AAA,Healthcare,2023,13133,0.824,Singapore,FSE
FIN-00662,NexGen,672232013.8,B,Energy,2023,24088,0.743,Singapore,FSE
FIN-00663,Sirius Retail,942963349.36,B,Healthcare,2024,12692,0.491,Germany,NYSE
FIN-00664,Cascade Biotech,805669697.72,A,Retail,2022,1557,0.749,USA,NASDAQ
FIN-00665,Vertex Holdings,374014902.6,AA,Retail,2022,5776,0.791,USA,OTC
FIN-00666,Acme Corp.,807179258.83,BB,Technology,2022,38241,0.601,Singapore,OTC
FIN-00667,Sirius Retail,612952617.88,AAA,Manufacturing,2022,13125,0.834,USA,NASDAQ
FIN-00668,Horizon Enterprises,4837294.02,B,Finance,2022,3326,0.674,Singapore,LSE
FIN-00669,Radiant Health,476568065.48,AA,Manufacturing,2023,39729,0.665,Singapore,LSE
FIN-00670,Tempest Energy,443073811.95,BB,Technology,2022,11574,0.879,Germany,NASDAQ
FIN-00671,Forge Industries,700267053.16,B,Technology,2022,12308,0.779,UK,NASDAQ
FIN-00672,Prism Consulting,601952410.74,BB,Manufacturing,2023,14353,0.441,Germany,OTC
FIN-00673,Nova Logistics,655187325.11,B,Healthcare,2023,49483,0.229,USA,NYSE
FIN-00674,Pulsar Electronics,902790769.9,AAA,Retail,2023,5289,0.639,Singapore,NYSE
FIN-00675,Horizon Enterprises,588550484.7,A,Manufacturing,2024,39732,0.643,USA,SGX
FIN-00676,Quantum,839885451.21,BBB,Healthcare,2024,31536,0.396,Germany,FSE
FIN-00677,Indigo Capital,228883517.46,AA,Technology,2024,23177,0.428,Singapore,LSE
FIN-00678,Prism Consulting,868813649.25,BBB,Energy,2022,9361,0.69,Singapore,FSE
FIN-00679,Global Tech Inc,788477039.83,BBB,Manufacturing,2022,26226,0.393,Singapore,OTC
FIN-00680,Orion Dynamics,593344226.44,AA,Finance,2022,1124,0.413,UK,LSE
FIN-00681,Sirius Retail,22658991.03,BBB,Finance,2023,36050,0.322,UK,FSE
FIN-00682,Delphi Advisors,433423386.38,AA,Energy,2024,3966,0.383,USA,NYSE
FIN-00683,Indigo Capital,608209834.34,AA,Finance,2024,32439,0.743,Singapore,FSE
FIN-00684,ACME Corporation,631877096.27,A,Manufacturing,2023,44880,0.595,Netherlands,NYSE
FIN-00685,Delphi Advisors,530107083.71,A,Manufacturing,2023,45172,0.791,Germany,SGX
FIN-00686,Eclipse Trading,18692077.75,A,Energy,2022,13776,0.856,UK,LSE
FIN-00687,Eclipse Trading,555440752.21,BB,Healthcare,2024,12788,0.821,Germany,OTC
FIN-00688,Solace Systems,708396778.2,BB,Finance,2022,32070,0.551,USA,LSE
FIN-00689,Vertex Capital,384759199.85,AA,Retail,2023,5378,0.523,Singapore,SGX
FIN-00690,Stellar Pharma,450035439.97,AA,Healthcare,2024,9427,0.391,USA,FSE
FIN-00691,Nova Logistics,633436750.9,A,Healthcare,2024,31674,0.55,Germany,LSE
FIN-00692,Pulsar Electronics,605166253.58,BB,Finance,2024,12383,0.866,Netherlands,SGX
FIN-00693,Meridian Corp,733686498.06,B,Finance,2024,33088,0.326,Singapore,FSE
FIN-00694,ACME Corporation,261726891.49,AA,Healthcare,2022,1938,0.621,Singapore,NYSE
FIN-00695,Crest Financial,776021107.58,AA,Energy,2024,25086,0.544,Netherlands,FSE
FIN-00696,Indigo Capital,936966076.58,BBB,Healthcare,2022,46337,0.585,Germany,NASDAQ
FIN-00697,Tempest Energy,323480916.78,AAA,Technology,2022,21449,0.542,Germany,NASDAQ
FIN-00698,Indigo Capital,550576991.9,B,Energy,2024,21276,0.416,Germany,SGX
FIN-00699,NexGen,283626009.97,BB,Retail,2022,33585,0.145,UK,FSE
FIN-00700,Vertex Holdings,140771525.24,AAA,Retail,2022,46833,0.288,Germany,LSE
FIN-00701,Sirius Retail,413229146.81,AAA,Energy,2023,35774,0.15,Singapore,OTC
FIN-00702,Prism Consulting,548549422.23,AAA,Finance,2023,10474,0.192,Germany,NASDAQ
FIN-00703,Nova Logistics,645113821.18,BB,Technology,2022,42183,0.774,UK,FSE
FIN-00704,NexGen Solution,219781903.05,AA,Finance,2022,32856,0.356,Singapore,OTC
FIN-00705,Prism Consulting,510736698.72,A,Energy,2022,43935,0.672,Singapore,SGX
FIN-00706,Vertex Holdings,200924277.86,AAA,Finance,2022,38240,0.493,Germany,OTC
FIN-00707,Horizon Enterprises,509639485.58,AA,Energy,2022,10028,0.529,Netherlands,LSE
FIN-00708,Stellar Pharma,511368744.18,AA,Finance,2024,16845,0.368,Germany,LSE
FIN-00709,Prism Consulting,650812174.35,BBB,Technology,2023,39592,0.874,Netherlands,FSE
FIN-00710,Solaris Energy,113580795.42,BBB,Technology,2024,13523,0.26,Netherlands,OTC
FIN-00711,Cobalt Ventures,886765501.53,A,Healthcare,2023,3613,0.618,UK,SGX
FIN-00712,Quantum Analytic,511588284.03,A,Technology,2022,11906,0.788,UK,FSE
FIN-00713,Delta Robotics,458426449.58,BBB,Retail,2022,32272,0.484,Netherlands,LSE
FIN-00714,Nova Logistics,616753943.36,AAA,Technology,2024,3328,0.786,Germany,NYSE
FIN-00715,Cobalt Ventures,382039494.87,BB,Finance,2022,3558,0.394,UK,FSE
FIN-00716,Crest Financial,280698702.06,B,Technology,2023,2343,0.819,Germany,NASDAQ
FIN-00717,Quantum Analytics Inc,930195624.35,AA,Technology,2024,48825,0.862,USA,FSE
FIN-00718,Orion Dynamics,113474180.36,B,Finance,2023,38046,0.656,Germany,LSE
FIN-00719,Global Tech,563667421.56,AAA,Manufacturing,2024,10096,0.272,Singapore,OTC
FIN-00720,Delta Robotics,38124006.52,BBB,Energy,2023,11520,0.878,Netherlands,NYSE
FIN-00721,Vertex Holdings,710191842.99,B,Energy,2022,17566,0.12,Germany,NASDAQ
FIN-00722,Nova Logistics,810543573.4,B,Technology,2024,28580,0.547,Singapore,NASDAQ
FIN-00723,Pinnacle Systems Ltd,364670760.13,BB,Healthcare,2023,31014,0.536,Germany,OTC
FIN-00724,Crest Financial,321390526.96,B,Healthcare,2023,11450,0.564,Germany,FSE
FIN-00725,Helios Media,148485552.9,B,Energy,2024,35588,0.426,Singapore,NYSE
FIN-00726,Delphi Advisors,884887574.1,A,Healthcare,2024,30626,0.461,Netherlands,OTC
FIN-00727,Stratos Global,344110307.48,B,Finance,2024,22440,0.532,UK,SGX
FIN-00728,Apex Ind.,824860818.73,BBB,Technology,2023,7382,0.892,Netherlands,NYSE
FIN-00729,Radiant Health,575889126.82,A,Retail,2024,10843,0.692,Germany,FSE
FIN-00730,Meridian Corp,732122843.64,A,Retail,2023,34333,0.626,Singapore,NASDAQ
FIN-00731,Solace Systems,750076488.79,B,Technology,2022,42023,0.615,UK,OTC
FIN-00732,Vanguard Networks,893290351.75,BB,Technology,2023,9510,0.833,Germany,NASDAQ
FIN-00733,Prism Consulting,825406724.06,BB,Manufacturing,2022,12567,0.119,USA,LSE
FIN-00734,Meridian Corp,186528402.78,B,Technology,2022,16659,0.462,USA,FSE
FIN-00735,Helios Media,11557884.16,BB,Healthcare,2023,25461,0.4,Germany,FSE
FIN-00736,Aether Networks,635584381.31,BB,Technology,2024,32250,0.882,Singapore,LSE
FIN-00737,Helios Media,256526395.13,BBB,Energy,2024,6472,0.438,Netherlands,SGX
FIN-00738,Helios Media,994643678.22,BBB,Technology,2023,49795,0.825,Singapore,LSE
FIN-00739,Forge Industries,83881718.23,B,Manufacturing,2024,6210,0.464,Germany,NASDAQ
FIN-00740,Delphi Advisors,35307807.67,A,Retail,2024,29619,0.273,Singapore,NYSE
FIN-00741,Acme Corp.,129255770.83,B,Technology,2024,29176,0.155,UK,FSE
FIN-00742,Stellar Pharma,801506369.99,BB,Manufacturing,2024,3242,0.303,USA,OTC
FIN-00743,Radiant Health,174744759.95,BBB,Healthcare,2022,2659,0.332,Germany,FSE
FIN-00744,Meridian Corp,968596205.13,AAA,Finance,2023,31916,0.299,Singapore,OTC
FIN-00745,Orion Dynamics,44830801.12,AA,Finance,2023,44813,0.567,Singapore,NASDAQ
FIN-00746,Cascade Biotech,102436182.87,AA,Finance,2024,39712,0.55,Singapore,FSE
FIN-00747,Crest Financial,21517067.59,BB,Manufacturing,2023,41654,0.535,Singapore,FSE
FIN-00748,Next Gen Solutions,436854833.97,B,Energy,2022,4321,0.17,Germany,FSE
FIN-00749,Prism Consulting,906709623.96,AA,Technology,2022,10666,0.169,UK,OTC
FIN-00750,Vanguard Networks,660202104.97,BB,Healthcare,2024,17286,0.482,UK,SGX
FIN-00751,Ionic Materials,560106915.17,AA,Finance,2022,19733,0.207,Singapore,NYSE
FIN-00752,Crest Financial,510685832.53,AAA,Technology,2024,43691,0.313,Netherlands,NYSE
FIN-00753,Cobalt Ventures,320209668.32,AA,Energy,2022,12414,0.631,Singapore,FSE
FIN-00754,Solaris Energy,173245553.43,BB,Manufacturing,2024,35531,0.787,USA,NASDAQ
FIN-00755,Apex Industries LLC,146257214.1,AAA,Energy,2024,4807,0.553,UK,OTC
FIN-00756,Ionic Materials,937670940.64,A,Energy,2022,49357,0.445,Germany,FSE
FIN-00757,Global Tech Inc,671984324.71,A,Energy,2023,39793,0.769,UK,OTC
FIN-00758,APEX Industries,615280879.76,BB,Energy,2024,49557,0.608,UK,SGX
FIN-00759,Radiant Health,497636350.8,AAA,Energy,2024,2075,0.434,Netherlands,NYSE
FIN-00760,Zenith,40908599.6,A,Energy,2023,30491,0.62,Germany,LSE
FIN-00761,Forge Industries,919407465.18,BBB,Retail,2023,25353,0.706,Netherlands,OTC
FIN-00762,Nimbus Cloud,469858772.41,AAA,Manufacturing,2023,22490,0.526,Netherlands,OTC
FIN-00763,Vertex Holdings,629492251.24,A,Healthcare,2024,33703,0.282,Germany,NASDAQ
FIN-00764,Solace Systems,349164702.36,A,Finance,2023,33976,0.641,Germany,LSE
FIN-00765,Delphi Advisors,670014939.0,AA,Retail,2022,45160,0.336,Germany,OTC
FIN-00766,Forge Industries,205260021.74,BBB,Retail,2024,11414,0.194,Germany,OTC
FIN-00767,Nova Logistics,598533114.05,B,Healthcare,2022,42483,0.748,Germany,NASDAQ
FIN-00768,Prism Consulting,717324408.33,BB,Energy,2024,22423,0.217,Netherlands,NYSE
FIN-00769,Quantum Analytic,966547189.89,BB,Energy,2022,4411,0.251,Germany,FSE
FIN-00770,Summit Resources,511607290.39,BBB,Finance,2023,3391,0.885,Singapore,SGX
FIN-00771,Catalyst Group,437735057.26,A,Technology,2022,11918,0.198,USA,NYSE
FIN-00772,Vertex Holdings,108354166.31,BB,Healthcare,2022,6334,0.841,Singapore,NASDAQ
FIN-00773,NexGen,567000772.11,AAA,Technology,2023,40968,0.676,Germany,FSE
FIN-00774,Nova Logistics,221217168.21,BB,Retail,2023,36266,0.383,UK,NASDAQ
FIN-00775,Global Tech,584535887.72,AA,Finance,2023,13363,0.533,USA,NASDAQ
FIN-00776,Horizon Enterprises,809740783.33,AAA,Technology,2022,26683,0.277,Singapore,SGX
FIN-00777,Stratos Global,917707907.66,A,Technology,2022,15698,0.637,Singapore,SGX
FIN-00778,Delphi Advisors,446719040.43,AA,Technology,2022,26823,0.67,Singapore,NASDAQ
FIN-00779,Delta Robotics,24003563.02,A,Finance,2024,32262,0.449,Netherlands,LSE
FIN-00780,Indigo Capital,499533118.86,BB,Energy,2023,39801,0.264,UK,OTC
FIN-00781,Vertex Holdings,169213270.49,BBB,Finance,2022,20642,0.383,Germany,NASDAQ
FIN-00782,Atlas Freight LLC,380064615.67,BBB,Technology,2024,36967,0.295,USA,FSE
FIN-00783,GlobalTech Incorporated,572084856.29,A,Energy,2022,32225,0.449,Singapore,FSE
FIN-00784,Horizon Enterprises,255670804.71,AA,Healthcare,2023,17080,0.483,UK,NASDAQ
FIN-00785,Tempest Energy,846056644.96,BBB,Healthcare,2022,49903,0.283,UK,NYSE
FIN-00786,Aether Networks,251140727.7,BB,Healthcare,2023,9816,0.335,Singapore,LSE
FIN-00787,Orion Dynamics,410054912.13,AA,Retail,2022,15242,0.797,Netherlands,NYSE
FIN-00788,Solace Systems,288954749.38,BBB,Energy,2022,15532,0.114,UK,SGX
FIN-00789,Vertex Holdings,773063477.09,A,Finance,2024,8185,0.723,Netherlands,LSE
FIN-00790,Orion Dynamics,534123684.35,AA,Finance,2022,21380,0.784,Germany,SGX
FIN-00791,Global Tech,505005236.5,AAA,Energy,2022,10994,0.139,UK,NASDAQ
FIN-00792,Nova Logistics,574290638.58,A,Energy,2022,29865,0.24,USA,OTC
FIN-00793,Nova Logistics,640495983.65,AAA,Technology,2023,8956,0.1,Singapore,SGX
FIN-00794,Pulsar Electronics,550765433.46,B,Energy,2024,30630,0.87,Netherlands,LSE
FIN-00795,Delphi Advisors,751879630.53,BB,Energy,2022,33024,0.786,UK,NYSE
FIN-00796,Solaris Energy,600198419.16,A,Healthcare,2022,39659,0.823,Singapore,FSE
FIN-00797,Cobalt Ventures,24851973.95,BBB,Finance,2022,14177,0.448,UK,FSE
FIN-00798,Tempest Energy,649422248.04,A,Energy,2022,9376,0.113,UK,FSE
FIN-00799,Quantum Analytics Inc,399839946.76,B,Energy,2023,13464,0.471,Singapore,NYSE
FIN-00800,Nova Logistics,897141828.01,AAA,Healthcare,2023,3531,0.38,Singapore,OTC
FIN-00801,Synapse A.I.,598638229.69,A,Retail,2024,31317,0.132,Singapore,NYSE
FIN-00802,Helios Media,194285822.56,BB,Finance,2022,6688,0.217,Netherlands,LSE
FIN-00803,Pinnacle Sys,509997197.35,B,Retail,2023,1632,0.459,Germany,SGX
FIN-00804,Summit Resources,622150899.02,A,Healthcare,2022,33931,0.568,Singapore,FSE
FIN-00805,Synapse Artificial Intelligence,37119765.79,BB,Manufacturing,2024,37166,0.505,UK,FSE
FIN-00806,Sirius Retail,731718383.1,B,Healthcare,2022,9369,0.71,UK,NYSE
FIN-00807,Aether Networks,276484066.73,AA,Technology,2022,19901,0.11,UK,NASDAQ
FIN-00808,Ionic Materials,418171462.97,AA,Energy,2024,37286,0.304,UK,NYSE
FIN-00809,Vertex Holdings,858981811.44,A,Manufacturing,2023,4381,0.275,UK,OTC
FIN-00810,Pulsar Electronics,80889560.79,BBB,Healthcare,2024,47755,0.884,Singapore,LSE
FIN-00811,Solace Systems,631892998.56,A,Retail,2022,43811,0.646,Netherlands,SGX
FIN-00812,Stellar Pharma,226972696.49,AAA,Energy,2023,17888,0.363,Netherlands,LSE
FIN-00813,Pulsar Electronics,52235283.8,BB,Healthcare,2023,7029,0.759,Netherlands,NASDAQ
FIN-00814,Titan Mfg,464883230.3,AA,Technology,2024,35584,0.505,Singapore,OTC
FIN-00815,Prism Consulting,567006296.93,A,Technology,2022,10696,0.598,USA,LSE
FIN-00816,Pinnacle Systems Ltd,406518781.57,BBB,Finance,2023,31059,0.883,Germany,LSE
FIN-00817,Meridian Corp,236446637.43,BBB,Energy,2024,14076,0.424,UK,LSE
FIN-00818,Nova Logistics,336775174.69,BB,Healthcare,2024,24747,0.783,USA,NYSE
FIN-00819,Horizon Enterprises,150896202.04,BBB,Energy,2022,45753,0.618,USA,NYSE
FIN-00820,Eclipse Trading,33651940.56,A,Healthcare,2024,44985,0.834,Germany,OTC
FIN-00821,Solace Systems,41389401.95,A,Healthcare,2022,2602,0.897,USA,NYSE
FIN-00822,Aether Networks,821608351.26,AA,Finance,2023,32186,0.186,Netherlands,LSE
FIN-00823,Aether Networks,831970414.05,A,Finance,2022,30349,0.585,Germany,NASDAQ
FIN-00824,Vertex Capital,496919107.22,AA,Manufacturing,2023,2149,0.415,Germany,OTC
FIN-00825,Stratos Global,810460518.87,A,Retail,2023,19294,0.623,Singapore,FSE
FIN-00826,Nova Logistics,666589109.4,AA,Finance,2023,9796,0.663,USA,NYSE
FIN-00827,Pinnacle,875266487.33,AA,Technology,2023,8314,0.219,USA,LSE
FIN-00828,Sirius Retail,579691034.73,B,Energy,2023,26911,0.198,Netherlands,OTC
FIN-00829,Tempest Energy,937498762.31,AA,Energy,2024,2267,0.391,Singapore,NASDAQ
FIN-00830,Helios Media,49863270.5,A,Energy,2022,32661,0.471,Singapore,OTC
FIN-00831,Indigo Capital,133770350.9,A,Manufacturing,2024,27729,0.627,Netherlands,OTC
FIN-00832,Orion Dynamics,869304984.29,AA,Healthcare,2023,6159,0.49,Germany,NASDAQ
FIN-00833,NexGen Solution,240783355.0,BB,Energy,2023,13305,0.677,Singapore,NYSE
FIN-00834,Acme Corp.,361366804.02,A,Retail,2023,22147,0.102,Singapore,SGX
FIN-00835,Vanguard Networks,148658036.41,B,Manufacturing,2024,48812,0.504,Netherlands,FSE
FIN-00836,Radiant Health,435502724.0,B,Technology,2023,47177,0.573,Germany,SGX
FIN-00837,Summit Resources,285201184.75,AAA,Energy,2024,41143,0.872,USA,FSE
FIN-00838,Ionic Materials,914191100.66,BB,Retail,2022,20705,0.768,UK,FSE
FIN-00839,Quantum Analytics Inc,891621682.83,AAA,Finance,2024,38032,0.303,Germany,NYSE
FIN-00840,Radiant Health,41503602.32,BBB,Finance,2023,197,0.444,USA,LSE
FIN-00841,Forge Industries,17327060.22,B,Manufacturing,2023,39387,0.631,Singapore,SGX
FIN-00842,Solaris Energy,779895124.31,AA,Energy,2024,47610,0.363,Netherlands,OTC
FIN-00843,Vanguard Networks,685398956.64,AAA,Healthcare,2024,16145,0.857,USA,NYSE
FIN-00844,Apex Industries LLC,731285561.64,AA,Manufacturing,2023,44077,0.306,UK,FSE
FIN-00845,Solaris Energy,362068195.36,A,Healthcare,2024,45371,0.539,USA,NYSE
FIN-00846,Zenith Tech,853177255.97,AAA,Finance,2022,49755,0.855,UK,NYSE
FIN-00847,Cascade Biotech,122317604.39,BB,Energy,2024,8051,0.485,Netherlands,LSE
FIN-00848,Horizon Enterprises,789211027.54,A,Finance,2023,12455,0.536,Germany,OTC
FIN-00849,Global Tech,804570960.01,AAA,Technology,2022,9605,0.374,Netherlands,OTC
FIN-00850,Forge Industries,479211665.59,B,Healthcare,2022,22344,0.783,Singapore,NYSE
FIN-00851,Vertex Capital,213147621.02,AA,Retail,2024,31731,0.719,USA,OTC
FIN-00852,TITAN Manufacturing,933862422.66,BBB,Retail,2023,25430,0.358,Germany,NASDAQ
FIN-00853,NexGen Solution,453456509.43,AAA,Retail,2023,1172,0.89,Germany,OTC
FIN-00854,Sirius Retail,749982939.29,AAA,Healthcare,2023,5635,0.207,USA,SGX
FIN-00855,Radiant Health,593292617.19,BBB,Energy,2024,36199,0.681,Germany,NYSE
FIN-00856,Aether Networks,786360076.1,B,Healthcare,2022,20501,0.53,Singapore,LSE
FIN-00857,NexGen Solution,55858093.26,A,Manufacturing,2022,45656,0.307,Singapore,NASDAQ
FIN-00858,Stellar Pharma,849887262.07,AAA,Retail,2023,4972,0.499,Germany,FSE
FIN-00859,Global Tech Inc,981272610.64,A,Finance,2024,6149,0.796,Netherlands,SGX
FIN-00860,Delphi Advisors,363169629.86,AAA,Healthcare,2023,20910,0.811,UK,SGX
FIN-00861,Solaris Energy,232287859.71,A,Healthcare,2024,49519,0.533,USA,OTC
FIN-00862,Nimbus Cloud,906413094.31,B,Healthcare,2022,26503,0.702,USA,LSE
FIN-00863,Ionic Materials,658239614.61,A,Manufacturing,2022,9021,0.155,Netherlands,NYSE
FIN-00864,Catalyst Group,43482323.06,A,Energy,2024,7055,0.311,Netherlands,SGX
FIN-00865,Nova Logistics,334728768.04,AA,Manufacturing,2024,45970,0.793,USA,FSE
FIN-00866,Solaris Energy,170200214.28,B,Retail,2022,26782,0.104,Netherlands,LSE
FIN-00867,Solace Systems,493160154.93,AA,Technology,2023,13878,0.591,Singapore,NASDAQ
FIN-00868,Radiant Health,344923600.65,BBB,Retail,2023,37951,0.33,UK,SGX
FIN-00869,Meridian Corp,255744285.52,BB,Energy,2022,7561,0.424,UK,OTC
FIN-00870,Quantum,129062844.78,AA,Manufacturing,2024,7912,0.874,UK,NASDAQ
FIN-00871,NexGen Solution,998146833.68,B,Technology,2024,4781,0.647,UK,NASDAQ
FIN-00872,Stellar Pharma,575000149.14,B,Finance,2024,7309,0.764,USA,FSE
FIN-00873,Catalyst Group,207127113.41,AA,Finance,2024,42514,0.728,Germany,LSE
FIN-00874,Ionic Materials,659860707.38,B,Healthcare,2023,43508,0.261,UK,NASDAQ
FIN-00875,Delta Robotics,188812692.26,B,Manufacturing,2022,32156,0.491,Germany,FSE
FIN-00876,Pinnacle Systems Ltd,4054336.29,BBB,Finance,2022,3955,0.699,Netherlands,LSE
FIN-00877,Solaris Energy,111306069.49,A,Finance,2023,18356,0.242,USA,FSE
FIN-00878,Radiant Health,586897966.06,A,Healthcare,2024,14750,0.459,Germany,FSE
FIN-00879,Delta Robotics,161297834.37,AA,Energy,2022,1173,0.725,Singapore,FSE
FIN-00880,TITAN Manufacturing,510188012.58,AA,Technology,2023,47317,0.397,Germany,OTC
FIN-00881,Catalyst Group,862140405.04,BB,Healthcare,2024,26507,0.116,Netherlands,NYSE
FIN-00882,Nova Logistics,252846668.76,AA,Manufacturing,2024,40262,0.56,Netherlands,NASDAQ
FIN-00883,Pulsar Electronics,149947206.08,AAA,Healthcare,2024,36348,0.436,Germany,NYSE
FIN-00884,Eclipse Trading,188184493.86,B,Healthcare,2024,27892,0.301,Germany,SGX
FIN-00885,Vanguard Networks,670166445.27,BB,Retail,2024,23438,0.177,Singapore,SGX
FIN-00886,Vanguard Networks,325390340.81,A,Healthcare,2023,49787,0.293,Germany,FSE
FIN-00887,Titan Manufacturing Co,957544293.81,AAA,Manufacturing,2022,6812,0.552,UK,NASDAQ
FIN-00888,Ionic Materials,205754391.97,BBB,Retail,2024,4808,0.182,Netherlands,FSE
FIN-00889,Apex Ind.,738286450.31,AA,Healthcare,2022,2449,0.305,Netherlands,FSE
FIN-00890,Meridian Corp,643376206.88,BBB,Finance,2022,22385,0.839,Netherlands,NYSE
FIN-00891,Horizon Enterprises,791308445.8,BB,Manufacturing,2024,49917,0.293,Singapore,OTC
FIN-00892,Stellar Pharma,657639723.81,B,Manufacturing,2022,32133,0.754,UK,FSE
FIN-00893,Sirius Retail,89621474.98,BB,Finance,2024,18247,0.1,Germany,LSE
FIN-00894,Cascade Biotech,27872473.7,AAA,Manufacturing,2024,1449,0.634,UK,NASDAQ
FIN-00895,Stratos Global,737737525.66,B,Finance,2022,13751,0.258,Germany,FSE
FIN-00896,Pinnacle,450017545.46,BB,Finance,2022,7775,0.681,UK,LSE
FIN-00897,Cobalt Ventures,154775547.62,AAA,Finance,2023,24828,0.106,Germany,NYSE
FIN-00898,Forge Industries,684755203.4,BBB,Technology,2022,10374,0.269,UK,FSE
FIN-00899,Catalyst Group,230027869.77,AA,Healthcare,2024,34145,0.671,Netherlands,SGX
FIN-00900,Tempest Energy,886501812.72,AA,Retail,2024,43337,0.554,Singapore,FSE
FIN-00901,Orion Dynamics,279896212.8,A,Retail,2022,48115,0.739,USA,NASDAQ
FIN-00902,Prism Consulting,376150602.38,BB,Energy,2022,38152,0.192,UK,NYSE
FIN-00903,TITAN Manufacturing,700569306.84,AAA,Retail,2023,25910,0.827,Netherlands,OTC
FIN-00904,Apex Ind.,518436478.38,BB,Finance,2022,15810,0.826,Netherlands,SGX
FIN-00905,Forge Industries,242253239.4,BB,Technology,2023,34461,0.53,Germany,LSE
FIN-00906,Sirius Retail,828281997.51,AAA,Energy,2023,13504,0.212,UK,OTC
FIN-00907,Horizon Enterprises,625215206.73,AAA,Energy,2024,41590,0.537,Germany,FSE
FIN-00908,Stratos Global,992759135.9,A,Technology,2022,805,0.724,USA,OTC
FIN-00909,Global Tech Inc,323174112.52,B,Manufacturing,2024,5362,0.166,UK,FSE
FIN-00910,Catalyst Group,783866032.53,BB,Manufacturing,2023,3801,0.73,Netherlands,NYSE
FIN-00911,Zenith Technologies Ltd,313531181.91,B,Technology,2024,42360,0.332,Germany,LSE
FIN-00912,Stratos Global,546229458.07,AA,Retail,2024,37823,0.532,Germany,FSE
FIN-00913,Radiant Health,151426671.2,A,Retail,2024,2832,0.351,Singapore,NYSE
FIN-00914,Vertex Capital,467845462.97,AAA,Retail,2022,233,0.63,UK,FSE
FIN-00915,Helios Media,89599866.52,B,Retail,2023,34786,0.22,Singapore,SGX
FIN-00916,Meridian Corp,413559426.82,A,Retail,2022,21129,0.396,USA,LSE
FIN-00917,Cobalt Ventures,785354767.82,BBB,Manufacturing,2022,36261,0.671,Singapore,NYSE
FIN-00918,Ionic Materials,241149466.92,BB,Retail,2024,30198,0.594,USA,SGX
FIN-00919,Radiant Health,126640913.45,AAA,Healthcare,2022,8072,0.792,Germany,SGX
FIN-00920,Meridian Corp,262346215.14,B,Healthcare,2024,11679,0.538,Singapore,FSE
FIN-00921,Nova Logistics,378709832.91,AA,Retail,2024,4255,0.42,UK,NASDAQ
FIN-00922,Vertex Holdings,696947895.59,BB,Manufacturing,2023,47628,0.237,Netherlands,OTC
FIN-00923,Cobalt Ventures,298289138.62,AAA,Finance,2023,49626,0.674,Germany,OTC
FIN-00924,Radiant Health,214660444.16,A,Healthcare,2022,30325,0.799,Singapore,LSE
FIN-00925,Delta Robotics,355321406.25,A,Healthcare,2022,12278,0.423,UK,OTC
FIN-00926,Crest Financial,543925741.38,AA,Healthcare,2022,47841,0.119,USA,FSE
FIN-00927,Delta Robotics,411780434.21,A,Healthcare,2024,37779,0.868,Netherlands,SGX
FIN-00928,Global Tech Inc,731049293.25,A,Finance,2024,45755,0.501,UK,LSE
FIN-00929,Sirius Retail,466217014.67,B,Technology,2024,45155,0.372,Germany,OTC
FIN-00930,Pinnacle Systems Ltd,239578287.63,AA,Finance,2023,12785,0.763,Germany,SGX
FIN-00931,Indigo Capital,395325280.98,AA,Finance,2022,5952,0.176,Netherlands,FSE
FIN-00932,Radiant Health,721530473.52,AAA,Retail,2022,39794,0.88,UK,SGX
FIN-00933,Horizon Enterprises,493088475.13,AA,Energy,2024,21219,0.9,USA,FSE
FIN-00934,NexGen,77763775.82,AAA,Retail,2024,32599,0.707,Germany,FSE
FIN-00935,Catalyst Group,960779196.75,BBB,Retail,2024,34421,0.813,USA,NASDAQ
FIN-00936,Solaris Energy,997265846.65,AAA,Retail,2022,21977,0.723,USA,SGX
FIN-00937,Apex Industries LLC,524345875.12,AAA,Finance,2024,24776,0.367,Singapore,LSE
FIN-00938,Atlas Freight Co,120581244.67,B,Energy,2022,40751,0.644,Singapore,LSE
FIN-00939,Aether Networks,134792375.04,AAA,Technology,2023,39613,0.157,USA,SGX
FIN-00940,Solace Systems,109747282.0,A,Finance,2022,26067,0.524,Germany,NYSE
FIN-00941,Tempest Energy,756764666.51,BBB,Finance,2022,47429,0.226,UK,SGX
FIN-00942,Delphi Advisors,74428049.9,BBB,Healthcare,2023,22181,0.435,USA,LSE
FIN-00943,NexGen,746269658.63,B,Healthcare,2022,34107,0.529,USA,LSE
FIN-00944,GlobalTech Incorporated,238411006.02,BBB,Energy,2023,48792,0.137,USA,NYSE
FIN-00945,APEX Industries,780526456.04,AAA,Technology,2022,3679,0.516,UK,LSE
FIN-00946,Delta Robotics,884655061.66,AAA,Technology,2023,10142,0.648,USA,LSE
FIN-00947,Solaris Energy,952833906.1,AA,Healthcare,2023,23367,0.142,Singapore,SGX
FIN-00948,Nimbus Cloud,436804220.8,AAA,Energy,2024,31852,0.44,Netherlands,OTC
FIN-00949,Zenith,211647754.52,BB,Healthcare,2023,49179,0.871,USA,NASDAQ
FIN-00950,Cobalt Ventures,794017558.52,BBB,Finance,2023,19608,0.29,Netherlands,OTC
FIN-00951,Radiant Health,408049790.47,AA,Finance,2024,24580,0.592,USA,NYSE
FIN-00952,Catalyst Group,452082355.07,B,Technology,2024,3162,0.506,Netherlands,SGX
FIN-00953,Vertex Holdings,286478650.95,AA,Technology,2024,29744,0.894,Netherlands,NASDAQ
FIN-00954,Prism Consulting,766861865.06,BB,Energy,2024,19475,0.764,Netherlands,SGX
FIN-00955,Summit Resources,889262231.97,A,Finance,2024,24048,0.563,Netherlands,NASDAQ
FIN-00956,Zenith Technologies Ltd,565774531.65,A,Technology,2024,20339,0.556,UK,NASDAQ
FIN-00957,Vanguard Networks,185769642.75,AA,Healthcare,2022,28222,0.423,Netherlands,NYSE
FIN-00958,Ionic Materials,990032625.91,BBB,Finance,2023,42008,0.194,Singapore,NYSE
FIN-00959,Cascade Biotech,749527281.13,A,Retail,2024,14999,0.516,UK,LSE
FIN-00960,Delphi Advisors,650539398.21,BB,Finance,2024,36825,0.706,Germany,NYSE
FIN-00961,Helios Media,887395436.47,AAA,Finance,2024,37160,0.588,Germany,NYSE
FIN-00962,Nimbus Cloud,406824699.98,A,Retail,2024,9658,0.447,Germany,NYSE
FIN-00963,Nimbus Cloud,573340363.71,A,Energy,2024,4821,0.839,UK,NYSE
FIN-00964,Nimbus Cloud,808933396.8,AAA,Manufacturing,2024,9599,0.713,Netherlands,LSE
FIN-00965,Solace Systems,980493639.74,AAA,Healthcare,2022,17551,0.419,UK,NASDAQ
FIN-00966,Tempest Energy,849913775.22,A,Manufacturing,2022,1980,0.766,UK,FSE
FIN-00967,Titan Mfg,7506819.0,BB,Energy,2024,25653,0.826,Singapore,NYSE
FIN-00968,Pinnacle Sys,833876565.16,BBB,Retail,2022,4968,0.165,UK,SGX
FIN-00969,Sirius Retail,48868235.02,AAA,Energy,2024,3719,0.59,Germany,NYSE
FIN-00970,Atlas Freight Co,606927150.7,B,Healthcare,2022,29746,0.426,UK,OTC
FIN-00971,Radiant Health,871968812.04,BBB,Manufacturing,2023,41139,0.215,Germany,NASDAQ
FIN-00972,Stellar Pharma,17801086.33,BBB,Energy,2023,39295,0.325,UK,NYSE
FIN-00973,Cascade Biotech,726295189.66,BBB,Manufacturing,2022,39129,0.21,USA,SGX
FIN-00974,Horizon Enterprises,725263179.01,BBB,Energy,2022,10599,0.552,Netherlands,NYSE
FIN-00975,Quantum Analytic,397881625.54,BB,Manufacturing,2024,17272,0.154,UK,NASDAQ
FIN-00976,Vanguard Networks,232880988.15,AA,Healthcare,2023,46902,0.844,UK,LSE
FIN-00977,Prism Consulting,467725595.22,AAA,Energy,2022,13479,0.78,UK,OTC
FIN-00978,Catalyst Group,603324244.74,AAA,Energy,2022,14393,0.7,UK,SGX
FIN-00979,Indigo Capital,468259981.82,BB,Retail,2023,24690,0.197,UK,FSE
FIN-00980,Vertex Holdings,307791150.83,BB,Technology,2024,11105,0.792,Germany,NYSE
FIN-00981,Zenith Technologies Ltd,294722490.09,AAA,Technology,2023,18098,0.328,USA,NASDAQ
FIN-00982,Cascade Biotech,682366691.13,AAA,Energy,2023,35058,0.187,UK,FSE
FIN-00983,Pulsar Electronics,915255358.86,AAA,Technology,2022,41931,0.174,Singapore,SGX
FIN-00984,Forge Industries,103235623.15,AA,Healthcare,2024,27566,0.237,Netherlands,LSE
FIN-00985,Pulsar Electronics,234630649.7,BBB,Finance,2024,15977,0.801,Netherlands,NASDAQ
FIN-00986,Forge Industries,409016742.25,A,Finance,2024,49219,0.46,USA,FSE
FIN-00987,Tempest Energy,403378613.33,AAA,Energy,2023,45932,0.149,Singapore,NASDAQ
FIN-00988,Prism Consulting,860240956.47,AAA,Healthcare,2022,24699,0.532,USA,OTC
FIN-00989,Stratos Global,224684304.79,A,Healthcare,2024,10484,0.169,Singapore,OTC
FIN-00990,Crest Financial,777509290.16,BB,Energy,2022,45056,0.312,Netherlands,NASDAQ
FIN-00991,Vertex Holdings,73680526.98,BB,Finance,2023,37265,0.418,Singapore,SGX
FIN-00992,NexGen,591042078.15,B,Healthcare,2022,28227,0.599,Netherlands,LSE
FIN-00993,Forge Industries,953133819.45,AA,Technology,2023,2272,0.861,UK,OTC
FIN-00994,Forge Industries,975034325.64,BB,Manufacturing,2024,16484,0.506,Germany,OTC
FIN-00995,APEX Industries,882608677.25,A,Manufacturing,2024,33617,0.543,USA,OTC
FIN-00996,Horizon Enterprises,347432592.81,B,Retail,2024,30057,0.87,USA,OTC
FIN-00997,Cascade Biotech,357580931.94,AA,Finance,2024,26372,0.458,Singapore,NASDAQ
FIN-00998,Forge Industries,27191674.38,BB,Energy,2023,24983,0.724,Netherlands,NYSE
FIN-00999,Summit Resources,610821496.5,BBB,Energy,2024,9874,0.786,Netherlands,FSE
FIN-01000,Vertex Capital,718821203.72,AA,Finance,2023,33874,0.561,Singapore,OTC
